"Title","Description","BiocVersion","Genome","SourceType","SourceUrl","SourceVersion","Species","TaxonomyId","Coordinate_1_based","DataProvider","Maintainer","RDataClass","DispatchClass","ResourceName","RDataPath","Tags"
"abida_cna.gistic_20230215","abida_cna.gistic_20230215 Copy number alteration GISTIC data of abida cohort in curatedPCaData package","3.17",NA,"TXT","https://www.cbioportal.org/study/summary?id=prad_su2c_2019",NA,"Homo sapiens","9606",NA,"MSKCC","Teemu Daniel Laajala <teelaa@utu.fi>","matrix","Rds","abida_cna.gistic_20230215.Rds","curatedPCaData/abida_cna.gistic_20230215.Rds","cna.gistic"
"abida_gex.relz_20230215","abida_gex.relz_20230215 Gene expression (Relative z-score) data of abida cohort in curatedPCaData package","3.17",NA,"TXT","https://www.cbioportal.org/study/summary?id=prad_su2c_2019",NA,"Homo sapiens","9606",NA,"MSKCC","Teemu Daniel Laajala <teelaa@utu.fi>","matrix","Rds","abida_gex.relz_20230215.Rds","curatedPCaData/abida_gex.relz_20230215.Rds","gex.relz"
"abida_mut_20230215","abida_mut_20230215 Mutation data of abida cohort in curatedPCaData package","3.17",NA,"TXT","https://www.cbioportal.org/study/summary?id=prad_su2c_2019",NA,"Homo sapiens","9606",NA,"MSKCC","Teemu Daniel Laajala <teelaa@utu.fi>","RaggedExperiment","Rds","abida_mut_20230215.Rds","curatedPCaData/abida_mut_20230215.Rds","mut"
"abida_cibersort_20230215","abida_cibersort_20230215 Deconvolution using CIBERSORTx data of abida cohort in curatedPCaData package","3.17",NA,"TXT","https://www.cbioportal.org/study/summary?id=prad_su2c_2019",NA,"Homo sapiens","9606",NA,"MSKCC","Teemu Daniel Laajala <teelaa@utu.fi>","matrix","Rds","abida_cibersort_20230215.Rds","curatedPCaData/abida_cibersort_20230215.Rds","cibersort"
"abida_xcell_20230215","abida_xcell_20230215 Deconvolution using xCell data of abida cohort in curatedPCaData package","3.17",NA,"TXT","https://www.cbioportal.org/study/summary?id=prad_su2c_2019",NA,"Homo sapiens","9606",NA,"MSKCC","Teemu Daniel Laajala <teelaa@utu.fi>","matrix","Rds","abida_xcell_20230215.Rds","curatedPCaData/abida_xcell_20230215.Rds","xcell"
"abida_epic_20230215","abida_epic_20230215 Deconvolution using EPIC data of abida cohort in curatedPCaData package","3.17",NA,"TXT","https://www.cbioportal.org/study/summary?id=prad_su2c_2019",NA,"Homo sapiens","9606",NA,"MSKCC","Teemu Daniel Laajala <teelaa@utu.fi>","matrix","Rds","abida_epic_20230215.Rds","curatedPCaData/abida_epic_20230215.Rds","epic"
"abida_quantiseq_20230215","abida_quantiseq_20230215 Deconvolution using quanTIseq data of abida cohort in curatedPCaData package","3.17",NA,"TXT","https://www.cbioportal.org/study/summary?id=prad_su2c_2019",NA,"Homo sapiens","9606",NA,"MSKCC","Teemu Daniel Laajala <teelaa@utu.fi>","matrix","Rds","abida_quantiseq_20230215.Rds","curatedPCaData/abida_quantiseq_20230215.Rds","quantiseq"
"abida_mcp_20230215","abida_mcp_20230215 Deconvolution using MCP counter data of abida cohort in curatedPCaData package","3.17",NA,"TXT","https://www.cbioportal.org/study/summary?id=prad_su2c_2019",NA,"Homo sapiens","9606",NA,"MSKCC","Teemu Daniel Laajala <teelaa@utu.fi>","matrix","Rds","abida_mcp_20230215.Rds","curatedPCaData/abida_mcp_20230215.Rds","mcp"
"abida_estimate_20230215","abida_estimate_20230215 Deconvolution using ESTIMATE data of abida cohort in curatedPCaData package","3.17",NA,"TXT","https://www.cbioportal.org/study/summary?id=prad_su2c_2019",NA,"Homo sapiens","9606",NA,"MSKCC","Teemu Daniel Laajala <teelaa@utu.fi>","matrix","Rds","abida_estimate_20230215.Rds","curatedPCaData/abida_estimate_20230215.Rds","estimate"
"abida_scores_20230215","abida_scores_20230215 Various gene expression risk and marker scores data of abida cohort in curatedPCaData package","3.17",NA,"TXT","https://www.cbioportal.org/study/summary?id=prad_su2c_2019",NA,"Homo sapiens","9606",NA,"MSKCC","Teemu Daniel Laajala <teelaa@utu.fi>","matrix","Rds","abida_scores_20230215.Rds","curatedPCaData/abida_scores_20230215.Rds","scores"
"abida_colData_20230215","abida_colData_20230215 Clinical metadata (colData-slot) of abida cohort in curatedPCaData package","3.17",NA,"TXT","https://www.cbioportal.org/study/summary?id=prad_su2c_2019",NA,"Homo sapiens","9606",NA,"MSKCC","Teemu Daniel Laajala <teelaa@utu.fi>","DFrame","Rds","abida_colData_20230215.Rds","curatedPCaData/abida_colData_20230215.Rds","clinical"
"abida_sampleMap_20230215","abida_sampleMap_20230215 MAE-object sampleMap of abida cohort in curatedPCaData package","3.17",NA,"TXT","https://www.cbioportal.org/study/summary?id=prad_su2c_2019",NA,"Homo sapiens","9606",NA,"MSKCC","Teemu Daniel Laajala <teelaa@utu.fi>","DFrame","Rds","abida_sampleMap_20230215.Rds","curatedPCaData/abida_sampleMap_20230215.Rds","sampleMap"
"baca_cna.gistic_20230215","baca_cna.gistic_20230215 Copy number alteration GISTIC data of baca cohort in curatedPCaData package","3.17",NA,"TXT","https://www.cbioportal.org/study/summary?id=prad_broad_2013",NA,"Homo sapiens","9606",NA,"Broad/Cornell","Teemu Daniel Laajala <teelaa@utu.fi>","matrix","Rds","baca_cna.gistic_20230215.Rds","curatedPCaData/baca_cna.gistic_20230215.Rds","cna.gistic"
"baca_mut_20230215","baca_mut_20230215 Mutation data of baca cohort in curatedPCaData package","3.17",NA,"TXT","https://www.cbioportal.org/study/summary?id=prad_broad_2013",NA,"Homo sapiens","9606",NA,"Broad/Cornell","Teemu Daniel Laajala <teelaa@utu.fi>","RaggedExperiment","Rds","baca_mut_20230215.Rds","curatedPCaData/baca_mut_20230215.Rds","mut"
"baca_colData_20230215","baca_colData_20230215 Clinical metadata (colData-slot) of baca cohort in curatedPCaData package","3.17",NA,"TXT","https://www.cbioportal.org/study/summary?id=prad_broad_2013",NA,"Homo sapiens","9606",NA,"Broad/Cornell","Teemu Daniel Laajala <teelaa@utu.fi>","DFrame","Rds","baca_colData_20230215.Rds","curatedPCaData/baca_colData_20230215.Rds","clinical"
"baca_sampleMap_20230215","baca_sampleMap_20230215 MAE-object sampleMap of baca cohort in curatedPCaData package","3.17",NA,"TXT","https://www.cbioportal.org/study/summary?id=prad_broad_2013",NA,"Homo sapiens","9606",NA,"Broad/Cornell","Teemu Daniel Laajala <teelaa@utu.fi>","DFrame","Rds","baca_sampleMap_20230215.Rds","curatedPCaData/baca_sampleMap_20230215.Rds","sampleMap"
"barbieri_cna.gistic_20230215","barbieri_cna.gistic_20230215 Copy number alteration GISTIC data of barbieri cohort in curatedPCaData package","3.17",NA,"TXT","https://www.cbioportal.org/study/summary?id=prad_broad",NA,"Homo sapiens","9606",NA,"Broad/Cornell","Teemu Daniel Laajala <teelaa@utu.fi>","matrix","Rds","barbieri_cna.gistic_20230215.Rds","curatedPCaData/barbieri_cna.gistic_20230215.Rds","cna.gistic"
"barbieri_gex.relz_20230215","barbieri_gex.relz_20230215 Gene expression (Relative z-score) data of barbieri cohort in curatedPCaData package","3.17",NA,"TXT","https://www.cbioportal.org/study/summary?id=prad_broad",NA,"Homo sapiens","9606",NA,"Broad/Cornell","Teemu Daniel Laajala <teelaa@utu.fi>","matrix","Rds","barbieri_gex.relz_20230215.Rds","curatedPCaData/barbieri_gex.relz_20230215.Rds","gex.relz"
"barbieri_mut_20230215","barbieri_mut_20230215 Mutation data of barbieri cohort in curatedPCaData package","3.17",NA,"TXT","https://www.cbioportal.org/study/summary?id=prad_broad",NA,"Homo sapiens","9606",NA,"Broad/Cornell","Teemu Daniel Laajala <teelaa@utu.fi>","RaggedExperiment","Rds","barbieri_mut_20230215.Rds","curatedPCaData/barbieri_mut_20230215.Rds","mut"
"barbieri_cibersort_20230215","barbieri_cibersort_20230215 Deconvolution using CIBERSORTx data of barbieri cohort in curatedPCaData package","3.17",NA,"TXT","https://www.cbioportal.org/study/summary?id=prad_broad",NA,"Homo sapiens","9606",NA,"Broad/Cornell","Teemu Daniel Laajala <teelaa@utu.fi>","matrix","Rds","barbieri_cibersort_20230215.Rds","curatedPCaData/barbieri_cibersort_20230215.Rds","cibersort"
"barbieri_xcell_20230215","barbieri_xcell_20230215 Deconvolution using xCell data of barbieri cohort in curatedPCaData package","3.17",NA,"TXT","https://www.cbioportal.org/study/summary?id=prad_broad",NA,"Homo sapiens","9606",NA,"Broad/Cornell","Teemu Daniel Laajala <teelaa@utu.fi>","matrix","Rds","barbieri_xcell_20230215.Rds","curatedPCaData/barbieri_xcell_20230215.Rds","xcell"
"barbieri_epic_20230215","barbieri_epic_20230215 Deconvolution using EPIC data of barbieri cohort in curatedPCaData package","3.17",NA,"TXT","https://www.cbioportal.org/study/summary?id=prad_broad",NA,"Homo sapiens","9606",NA,"Broad/Cornell","Teemu Daniel Laajala <teelaa@utu.fi>","matrix","Rds","barbieri_epic_20230215.Rds","curatedPCaData/barbieri_epic_20230215.Rds","epic"
"barbieri_quantiseq_20230215","barbieri_quantiseq_20230215 Deconvolution using quanTIseq data of barbieri cohort in curatedPCaData package","3.17",NA,"TXT","https://www.cbioportal.org/study/summary?id=prad_broad",NA,"Homo sapiens","9606",NA,"Broad/Cornell","Teemu Daniel Laajala <teelaa@utu.fi>","matrix","Rds","barbieri_quantiseq_20230215.Rds","curatedPCaData/barbieri_quantiseq_20230215.Rds","quantiseq"
"barbieri_mcp_20230215","barbieri_mcp_20230215 Deconvolution using MCP counter data of barbieri cohort in curatedPCaData package","3.17",NA,"TXT","https://www.cbioportal.org/study/summary?id=prad_broad",NA,"Homo sapiens","9606",NA,"Broad/Cornell","Teemu Daniel Laajala <teelaa@utu.fi>","matrix","Rds","barbieri_mcp_20230215.Rds","curatedPCaData/barbieri_mcp_20230215.Rds","mcp"
"barbieri_estimate_20230215","barbieri_estimate_20230215 Deconvolution using ESTIMATE data of barbieri cohort in curatedPCaData package","3.17",NA,"TXT","https://www.cbioportal.org/study/summary?id=prad_broad",NA,"Homo sapiens","9606",NA,"Broad/Cornell","Teemu Daniel Laajala <teelaa@utu.fi>","matrix","Rds","barbieri_estimate_20230215.Rds","curatedPCaData/barbieri_estimate_20230215.Rds","estimate"
"barbieri_scores_20230215","barbieri_scores_20230215 Various gene expression risk and marker scores data of barbieri cohort in curatedPCaData package","3.17",NA,"TXT","https://www.cbioportal.org/study/summary?id=prad_broad",NA,"Homo sapiens","9606",NA,"Broad/Cornell","Teemu Daniel Laajala <teelaa@utu.fi>","matrix","Rds","barbieri_scores_20230215.Rds","curatedPCaData/barbieri_scores_20230215.Rds","scores"
"barbieri_colData_20230215","barbieri_colData_20230215 Clinical metadata (colData-slot) of barbieri cohort in curatedPCaData package","3.17",NA,"TXT","https://www.cbioportal.org/study/summary?id=prad_broad",NA,"Homo sapiens","9606",NA,"Broad/Cornell","Teemu Daniel Laajala <teelaa@utu.fi>","DFrame","Rds","barbieri_colData_20230215.Rds","curatedPCaData/barbieri_colData_20230215.Rds","clinical"
"barbieri_sampleMap_20230215","barbieri_sampleMap_20230215 MAE-object sampleMap of barbieri cohort in curatedPCaData package","3.17",NA,"TXT","https://www.cbioportal.org/study/summary?id=prad_broad",NA,"Homo sapiens","9606",NA,"Broad/Cornell","Teemu Daniel Laajala <teelaa@utu.fi>","DFrame","Rds","barbieri_sampleMap_20230215.Rds","curatedPCaData/barbieri_sampleMap_20230215.Rds","sampleMap"
"barwick_gex.logq_20230215","barwick_gex.logq_20230215 Gene expression (Log-quantile norm) data of barwick cohort in curatedPCaData package","3.17",NA,"tar.gz","https://www.ncbi.nlm.nih.gov/geo/query/acc.cgi?acc=GSE18655",NA,"Homo sapiens","9606",NA,"Emory University","Teemu Daniel Laajala <teelaa@utu.fi>","matrix","Rds","barwick_gex.logq_20230215.Rds","curatedPCaData/barwick_gex.logq_20230215.Rds","gex.logq"
"barwick_cibersort_20230215","barwick_cibersort_20230215 Deconvolution using CIBERSORTx data of barwick cohort in curatedPCaData package","3.17",NA,"tar.gz","https://www.ncbi.nlm.nih.gov/geo/query/acc.cgi?acc=GSE18655",NA,"Homo sapiens","9606",NA,"Emory University","Teemu Daniel Laajala <teelaa@utu.fi>","matrix","Rds","barwick_cibersort_20230215.Rds","curatedPCaData/barwick_cibersort_20230215.Rds","cibersort"
"barwick_quantiseq_20230215","barwick_quantiseq_20230215 Deconvolution using quanTIseq data of barwick cohort in curatedPCaData package","3.17",NA,"tar.gz","https://www.ncbi.nlm.nih.gov/geo/query/acc.cgi?acc=GSE18655",NA,"Homo sapiens","9606",NA,"Emory University","Teemu Daniel Laajala <teelaa@utu.fi>","matrix","Rds","barwick_quantiseq_20230215.Rds","curatedPCaData/barwick_quantiseq_20230215.Rds","quantiseq"
"barwick_estimate_20230215","barwick_estimate_20230215 Deconvolution using ESTIMATE data of barwick cohort in curatedPCaData package","3.17",NA,"tar.gz","https://www.ncbi.nlm.nih.gov/geo/query/acc.cgi?acc=GSE18655",NA,"Homo sapiens","9606",NA,"Emory University","Teemu Daniel Laajala <teelaa@utu.fi>","matrix","Rds","barwick_estimate_20230215.Rds","curatedPCaData/barwick_estimate_20230215.Rds","estimate"
"barwick_scores_20230215","barwick_scores_20230215 Various gene expression risk and marker scores data of barwick cohort in curatedPCaData package","3.17",NA,"tar.gz","https://www.ncbi.nlm.nih.gov/geo/query/acc.cgi?acc=GSE18655",NA,"Homo sapiens","9606",NA,"Emory University","Teemu Daniel Laajala <teelaa@utu.fi>","matrix","Rds","barwick_scores_20230215.Rds","curatedPCaData/barwick_scores_20230215.Rds","scores"
"barwick_mcp_20230215","barwick_mcp_20230215 Deconvolution using MCP counter data of barwick cohort in curatedPCaData package","3.17",NA,"tar.gz","https://www.ncbi.nlm.nih.gov/geo/query/acc.cgi?acc=GSE18655",NA,"Homo sapiens","9606",NA,"Emory University","Teemu Daniel Laajala <teelaa@utu.fi>","matrix","Rds","barwick_mcp_20230215.Rds","curatedPCaData/barwick_mcp_20230215.Rds","mcp"
"barwick_colData_20230215","barwick_colData_20230215 Clinical metadata (colData-slot) of barwick cohort in curatedPCaData package","3.17",NA,"TXT","https://www.ncbi.nlm.nih.gov/geo/query/acc.cgi?acc=GSE18655",NA,"Homo sapiens","9606",NA,"Emory University","Teemu Daniel Laajala <teelaa@utu.fi>","DFrame","Rds","barwick_colData_20230215.Rds","curatedPCaData/barwick_colData_20230215.Rds","clinical"
"barwick_sampleMap_20230215","barwick_sampleMap_20230215 MAE-object sampleMap of barwick cohort in curatedPCaData package","3.17",NA,"TXT","https://www.ncbi.nlm.nih.gov/geo/query/acc.cgi?acc=GSE18655",NA,"Homo sapiens","9606",NA,"Emory University","Teemu Daniel Laajala <teelaa@utu.fi>","DFrame","Rds","barwick_sampleMap_20230215.Rds","curatedPCaData/barwick_sampleMap_20230215.Rds","sampleMap"
"chandran_gex.rma_20230215","chandran_gex.rma_20230215 Gene expression (RMA) data of chandran cohort in curatedPCaData package","3.17",NA,"tar.gz","https://www.ncbi.nlm.nih.gov/geo/query/acc.cgi?acc=GSE6919",NA,"Homo sapiens","9606",NA,"University of Pittsburgh","Teemu Daniel Laajala <teelaa@utu.fi>","matrix","Rds","chandran_gex.rma_20230215.Rds","curatedPCaData/chandran_gex.rma_20230215.Rds","gex.rma"
"chandran_cibersort_20230215","chandran_cibersort_20230215 Deconvolution using CIBERSORTx data of chandran cohort in curatedPCaData package","3.17",NA,"tar.gz","https://www.ncbi.nlm.nih.gov/geo/query/acc.cgi?acc=GSE6919",NA,"Homo sapiens","9606",NA,"University of Pittsburgh","Teemu Daniel Laajala <teelaa@utu.fi>","matrix","Rds","chandran_cibersort_20230215.Rds","curatedPCaData/chandran_cibersort_20230215.Rds","cibersort"
"chandran_xcell_20230215","chandran_xcell_20230215 Deconvolution using xCell data of chandran cohort in curatedPCaData package","3.17",NA,"tar.gz","https://www.ncbi.nlm.nih.gov/geo/query/acc.cgi?acc=GSE6919",NA,"Homo sapiens","9606",NA,"University of Pittsburgh","Teemu Daniel Laajala <teelaa@utu.fi>","matrix","Rds","chandran_xcell_20230215.Rds","curatedPCaData/chandran_xcell_20230215.Rds","xcell"
"chandran_epic_20230215","chandran_epic_20230215 Deconvolution using EPIC data of chandran cohort in curatedPCaData package","3.17",NA,"tar.gz","https://www.ncbi.nlm.nih.gov/geo/query/acc.cgi?acc=GSE6919",NA,"Homo sapiens","9606",NA,"University of Pittsburgh","Teemu Daniel Laajala <teelaa@utu.fi>","matrix","Rds","chandran_epic_20230215.Rds","curatedPCaData/chandran_epic_20230215.Rds","epic"
"chandran_quantiseq_20230215","chandran_quantiseq_20230215 Deconvolution using quanTIseq data of chandran cohort in curatedPCaData package","3.17",NA,"tar.gz","https://www.ncbi.nlm.nih.gov/geo/query/acc.cgi?acc=GSE6919",NA,"Homo sapiens","9606",NA,"University of Pittsburgh","Teemu Daniel Laajala <teelaa@utu.fi>","matrix","Rds","chandran_quantiseq_20230215.Rds","curatedPCaData/chandran_quantiseq_20230215.Rds","quantiseq"
"chandran_estimate_20230215","chandran_estimate_20230215 Deconvolution using ESTIMATE data of chandran cohort in curatedPCaData package","3.17",NA,"tar.gz","https://www.ncbi.nlm.nih.gov/geo/query/acc.cgi?acc=GSE6919",NA,"Homo sapiens","9606",NA,"University of Pittsburgh","Teemu Daniel Laajala <teelaa@utu.fi>","matrix","Rds","chandran_estimate_20230215.Rds","curatedPCaData/chandran_estimate_20230215.Rds","estimate"
"chandran_scores_20230215","chandran_scores_20230215 Various gene expression risk and marker scores data of chandran cohort in curatedPCaData package","3.17",NA,"tar.gz","https://www.ncbi.nlm.nih.gov/geo/query/acc.cgi?acc=GSE6919",NA,"Homo sapiens","9606",NA,"University of Pittsburgh","Teemu Daniel Laajala <teelaa@utu.fi>","matrix","Rds","chandran_scores_20230215.Rds","curatedPCaData/chandran_scores_20230215.Rds","scores"
"chandran_mcp_20230215","chandran_mcp_20230215 Deconvolution using MCP counter data of chandran cohort in curatedPCaData package","3.17",NA,"tar.gz","https://www.ncbi.nlm.nih.gov/geo/query/acc.cgi?acc=GSE6919",NA,"Homo sapiens","9606",NA,"University of Pittsburgh","Teemu Daniel Laajala <teelaa@utu.fi>","matrix","Rds","chandran_mcp_20230215.Rds","curatedPCaData/chandran_mcp_20230215.Rds","mcp"
"chandran_colData_20230215","chandran_colData_20230215 Clinical metadata (colData-slot) of chandran cohort in curatedPCaData package","3.17",NA,"TXT","https://www.ncbi.nlm.nih.gov/geo/query/acc.cgi?acc=GSE6919",NA,"Homo sapiens","9606",NA,"University of Pittsburgh","Teemu Daniel Laajala <teelaa@utu.fi>","DFrame","Rds","chandran_colData_20230215.Rds","curatedPCaData/chandran_colData_20230215.Rds","clinical"
"chandran_sampleMap_20230215","chandran_sampleMap_20230215 MAE-object sampleMap of chandran cohort in curatedPCaData package","3.17",NA,"TXT","https://www.ncbi.nlm.nih.gov/geo/query/acc.cgi?acc=GSE6919",NA,"Homo sapiens","9606",NA,"University of Pittsburgh","Teemu Daniel Laajala <teelaa@utu.fi>","DFrame","Rds","chandran_sampleMap_20230215.Rds","curatedPCaData/chandran_sampleMap_20230215.Rds","sampleMap"
"friedrich_gex.logq_20230215","friedrich_gex.logq_20230215 Gene expression (Log-quantile norm) data of friedrich cohort in curatedPCaData package","3.17",NA,"tar.gz","https://www.ncbi.nlm.nih.gov/geo/query/acc.cgi?acc=GSE134051",NA,"Homo sapiens","9606",NA,"Fraunhofer Institute","Teemu Daniel Laajala <teelaa@utu.fi>","matrix","Rds","friedrich_gex.logq_20230215.Rds","curatedPCaData/friedrich_gex.logq_20230215.Rds","gex.logq"
"friedrich_cibersort_20230215","friedrich_cibersort_20230215 Deconvolution using CIBERSORTx data of friedrich cohort in curatedPCaData package","3.17",NA,"tar.gz","https://www.ncbi.nlm.nih.gov/geo/query/acc.cgi?acc=GSE134051",NA,"Homo sapiens","9606",NA,"Fraunhofer Institute","Teemu Daniel Laajala <teelaa@utu.fi>","matrix","Rds","friedrich_cibersort_20230215.Rds","curatedPCaData/friedrich_cibersort_20230215.Rds","cibersort"
"friedrich_xcell_20230215","friedrich_xcell_20230215 Deconvolution using xCell data of friedrich cohort in curatedPCaData package","3.17",NA,"tar.gz","https://www.ncbi.nlm.nih.gov/geo/query/acc.cgi?acc=GSE134051",NA,"Homo sapiens","9606",NA,"Fraunhofer Institute","Teemu Daniel Laajala <teelaa@utu.fi>","matrix","Rds","friedrich_xcell_20230215.Rds","curatedPCaData/friedrich_xcell_20230215.Rds","xcell"
"friedrich_epic_20230215","friedrich_epic_20230215 Deconvolution using EPIC data of friedrich cohort in curatedPCaData package","3.17",NA,"tar.gz","https://www.ncbi.nlm.nih.gov/geo/query/acc.cgi?acc=GSE134051",NA,"Homo sapiens","9606",NA,"Fraunhofer Institute","Teemu Daniel Laajala <teelaa@utu.fi>","matrix","Rds","friedrich_epic_20230215.Rds","curatedPCaData/friedrich_epic_20230215.Rds","epic"
"friedrich_quantiseq_20230215","friedrich_quantiseq_20230215 Deconvolution using quanTIseq data of friedrich cohort in curatedPCaData package","3.17",NA,"tar.gz","https://www.ncbi.nlm.nih.gov/geo/query/acc.cgi?acc=GSE134051",NA,"Homo sapiens","9606",NA,"Fraunhofer Institute","Teemu Daniel Laajala <teelaa@utu.fi>","matrix","Rds","friedrich_quantiseq_20230215.Rds","curatedPCaData/friedrich_quantiseq_20230215.Rds","quantiseq"
"friedrich_estimate_20230215","friedrich_estimate_20230215 Deconvolution using ESTIMATE data of friedrich cohort in curatedPCaData package","3.17",NA,"tar.gz","https://www.ncbi.nlm.nih.gov/geo/query/acc.cgi?acc=GSE134051",NA,"Homo sapiens","9606",NA,"Fraunhofer Institute","Teemu Daniel Laajala <teelaa@utu.fi>","matrix","Rds","friedrich_estimate_20230215.Rds","curatedPCaData/friedrich_estimate_20230215.Rds","estimate"
"friedrich_scores_20230215","friedrich_scores_20230215 Various gene expression risk and marker scores data of friedrich cohort in curatedPCaData package","3.17",NA,"tar.gz","https://www.ncbi.nlm.nih.gov/geo/query/acc.cgi?acc=GSE134051",NA,"Homo sapiens","9606",NA,"Fraunhofer Institute","Teemu Daniel Laajala <teelaa@utu.fi>","matrix","Rds","friedrich_scores_20230215.Rds","curatedPCaData/friedrich_scores_20230215.Rds","scores"
"friedrich_mcp_20230215","friedrich_mcp_20230215 Deconvolution using MCP counter data of friedrich cohort in curatedPCaData package","3.17",NA,"tar.gz","https://www.ncbi.nlm.nih.gov/geo/query/acc.cgi?acc=GSE134051",NA,"Homo sapiens","9606",NA,"Fraunhofer Institute","Teemu Daniel Laajala <teelaa@utu.fi>","matrix","Rds","friedrich_mcp_20230215.Rds","curatedPCaData/friedrich_mcp_20230215.Rds","mcp"
"friedrich_colData_20230215","friedrich_colData_20230215 Clinical metadata (colData-slot) of friedrich cohort in curatedPCaData package","3.17",NA,"TXT","https://www.ncbi.nlm.nih.gov/geo/query/acc.cgi?acc=GSE134051",NA,"Homo sapiens","9606",NA,"Fraunhofer Institute","Teemu Daniel Laajala <teelaa@utu.fi>","DFrame","Rds","friedrich_colData_20230215.Rds","curatedPCaData/friedrich_colData_20230215.Rds","clinical"
"friedrich_sampleMap_20230215","friedrich_sampleMap_20230215 MAE-object sampleMap of friedrich cohort in curatedPCaData package","3.17",NA,"TXT","https://www.ncbi.nlm.nih.gov/geo/query/acc.cgi?acc=GSE134051",NA,"Homo sapiens","9606",NA,"Fraunhofer Institute","Teemu Daniel Laajala <teelaa@utu.fi>","DFrame","Rds","friedrich_sampleMap_20230215.Rds","curatedPCaData/friedrich_sampleMap_20230215.Rds","sampleMap"
"hieronymus_cna.gistic_20230215","hieronymus_cna.gistic_20230215 Copy number alteration GISTIC data of hieronymus cohort in curatedPCaData package","3.17",NA,"TXT","https://www.cbioportal.org/study/summary?id=prad_mskcc_2014",NA,"Homo sapiens","9606",NA,"MSKCC","Teemu Daniel Laajala <teelaa@utu.fi>","matrix","Rds","hieronymus_cna.gistic_20230215.Rds","curatedPCaData/hieronymus_cna.gistic_20230215.Rds","cna.gistic"
"hieronymus_colData_20230215","hieronymus_colData_20230215 Clinical metadata (colData-slot) of hieronymus cohort in curatedPCaData package","3.17",NA,"TXT","https://www.cbioportal.org/study/summary?id=prad_mskcc_2014",NA,"Homo sapiens","9606",NA,"MSKCC","Teemu Daniel Laajala <teelaa@utu.fi>","DFrame","Rds","hieronymus_colData_20230215.Rds","curatedPCaData/hieronymus_colData_20230215.Rds","clinical"
"hieronymus_sampleMap_20230215","hieronymus_sampleMap_20230215 MAE-object sampleMap of hieronymus cohort in curatedPCaData package","3.17",NA,"TXT","https://www.cbioportal.org/study/summary?id=prad_mskcc_2014",NA,"Homo sapiens","9606",NA,"MSKCC","Teemu Daniel Laajala <teelaa@utu.fi>","DFrame","Rds","hieronymus_sampleMap_20230215.Rds","curatedPCaData/hieronymus_sampleMap_20230215.Rds","sampleMap"
"icgcca_gex.rma_20230215","icgcca_gex.rma_20230215 Gene expression (RMA) data of icgcca cohort in curatedPCaData package","3.17",NA,"tar.gz","https://dcc.icgc.org/releases/current/Projects/PRAD-CA","Release28","Homo sapiens","9606",NA,"ICGC","Teemu Daniel Laajala <teelaa@utu.fi>","matrix","Rds","icgcca_gex.rma_20230215.Rds","curatedPCaData/icgcca_gex.rma_20230215.Rds","gex.rma"
"icgcca_cibersort_20230215","icgcca_cibersort_20230215 Deconvolution using CIBERSORTx data of icgcca cohort in curatedPCaData package","3.17",NA,"tar.gz","https://dcc.icgc.org/releases/current/Projects/PRAD-CA","Release28","Homo sapiens","9606",NA,"ICGC","Teemu Daniel Laajala <teelaa@utu.fi>","matrix","Rds","icgcca_cibersort_20230215.Rds","curatedPCaData/icgcca_cibersort_20230215.Rds","cibersort"
"icgcca_xcell_20230215","icgcca_xcell_20230215 Deconvolution using xCell data of icgcca cohort in curatedPCaData package","3.17",NA,"tar.gz","https://dcc.icgc.org/releases/current/Projects/PRAD-CA","Release28","Homo sapiens","9606",NA,"ICGC","Teemu Daniel Laajala <teelaa@utu.fi>","matrix","Rds","icgcca_xcell_20230215.Rds","curatedPCaData/icgcca_xcell_20230215.Rds","xcell"
"icgcca_epic_20230215","icgcca_epic_20230215 Deconvolution using EPIC data of icgcca cohort in curatedPCaData package","3.17",NA,"tar.gz","https://dcc.icgc.org/releases/current/Projects/PRAD-CA","Release28","Homo sapiens","9606",NA,"ICGC","Teemu Daniel Laajala <teelaa@utu.fi>","matrix","Rds","icgcca_epic_20230215.Rds","curatedPCaData/icgcca_epic_20230215.Rds","epic"
"icgcca_quantiseq_20230215","icgcca_quantiseq_20230215 Deconvolution using quanTIseq data of icgcca cohort in curatedPCaData package","3.17",NA,"tar.gz","https://dcc.icgc.org/releases/current/Projects/PRAD-CA","Release28","Homo sapiens","9606",NA,"ICGC","Teemu Daniel Laajala <teelaa@utu.fi>","matrix","Rds","icgcca_quantiseq_20230215.Rds","curatedPCaData/icgcca_quantiseq_20230215.Rds","quantiseq"
"icgcca_estimate_20230215","icgcca_estimate_20230215 Deconvolution using ESTIMATE data of icgcca cohort in curatedPCaData package","3.17",NA,"tar.gz","https://dcc.icgc.org/releases/current/Projects/PRAD-CA","Release28","Homo sapiens","9606",NA,"ICGC","Teemu Daniel Laajala <teelaa@utu.fi>","matrix","Rds","icgcca_estimate_20230215.Rds","curatedPCaData/icgcca_estimate_20230215.Rds","estimate"
"icgcca_scores_20230215","icgcca_scores_20230215 Various gene expression risk and marker scores data of icgcca cohort in curatedPCaData package","3.17",NA,"tar.gz","https://dcc.icgc.org/releases/current/Projects/PRAD-CA","Release28","Homo sapiens","9606",NA,"ICGC","Teemu Daniel Laajala <teelaa@utu.fi>","matrix","Rds","icgcca_scores_20230215.Rds","curatedPCaData/icgcca_scores_20230215.Rds","scores"
"icgcca_mcp_20230215","icgcca_mcp_20230215 Deconvolution using MCP counter data of icgcca cohort in curatedPCaData package","3.17",NA,"tar.gz","https://dcc.icgc.org/releases/current/Projects/PRAD-CA","Release28","Homo sapiens","9606",NA,"ICGC","Teemu Daniel Laajala <teelaa@utu.fi>","matrix","Rds","icgcca_mcp_20230215.Rds","curatedPCaData/icgcca_mcp_20230215.Rds","mcp"
"icgcca_colData_20230215","icgcca_colData_20230215 Clinical metadata (colData-slot) of icgcca cohort in curatedPCaData package","3.17",NA,"TXT","https://dcc.icgc.org/releases/current/Projects/PRAD-CA","Release28","Homo sapiens","9606",NA,"ICGC","Teemu Daniel Laajala <teelaa@utu.fi>","DFrame","Rds","icgcca_colData_20230215.Rds","curatedPCaData/icgcca_colData_20230215.Rds","clinical"
"icgcca_sampleMap_20230215","icgcca_sampleMap_20230215 MAE-object sampleMap of icgcca cohort in curatedPCaData package","3.17",NA,"TXT","https://dcc.icgc.org/releases/current/Projects/PRAD-CA","Release28","Homo sapiens","9606",NA,"ICGC","Teemu Daniel Laajala <teelaa@utu.fi>","DFrame","Rds","icgcca_sampleMap_20230215.Rds","curatedPCaData/icgcca_sampleMap_20230215.Rds","sampleMap"
"igc_gex.rma_20230215","igc_gex.rma_20230215 Gene expression (RMA) data of igc cohort in curatedPCaData package","3.17",NA,"tar.gz","https://www.ncbi.nlm.nih.gov/geo/query/acc.cgi?acc=GSE2109",NA,"Homo sapiens","9606",NA,"IGC","Teemu Daniel Laajala <teelaa@utu.fi>","matrix","Rds","igc_gex.rma_20230215.Rds","curatedPCaData/igc_gex.rma_20230215.Rds","gex.rma"
"igc_cibersort_20230215","igc_cibersort_20230215 Deconvolution using CIBERSORTx data of igc cohort in curatedPCaData package","3.17",NA,"tar.gz","https://www.ncbi.nlm.nih.gov/geo/query/acc.cgi?acc=GSE2109",NA,"Homo sapiens","9606",NA,"IGC","Teemu Daniel Laajala <teelaa@utu.fi>","matrix","Rds","igc_cibersort_20230215.Rds","curatedPCaData/igc_cibersort_20230215.Rds","cibersort"
"igc_xcell_20230215","igc_xcell_20230215 Deconvolution using xCell data of igc cohort in curatedPCaData package","3.17",NA,"tar.gz","https://www.ncbi.nlm.nih.gov/geo/query/acc.cgi?acc=GSE2109",NA,"Homo sapiens","9606",NA,"IGC","Teemu Daniel Laajala <teelaa@utu.fi>","matrix","Rds","igc_xcell_20230215.Rds","curatedPCaData/igc_xcell_20230215.Rds","xcell"
"igc_epic_20230215","igc_epic_20230215 Deconvolution using EPIC data of igc cohort in curatedPCaData package","3.17",NA,"tar.gz","https://www.ncbi.nlm.nih.gov/geo/query/acc.cgi?acc=GSE2109",NA,"Homo sapiens","9606",NA,"IGC","Teemu Daniel Laajala <teelaa@utu.fi>","matrix","Rds","igc_epic_20230215.Rds","curatedPCaData/igc_epic_20230215.Rds","epic"
"igc_quantiseq_20230215","igc_quantiseq_20230215 Deconvolution using quanTIseq data of igc cohort in curatedPCaData package","3.17",NA,"tar.gz","https://www.ncbi.nlm.nih.gov/geo/query/acc.cgi?acc=GSE2109",NA,"Homo sapiens","9606",NA,"IGC","Teemu Daniel Laajala <teelaa@utu.fi>","matrix","Rds","igc_quantiseq_20230215.Rds","curatedPCaData/igc_quantiseq_20230215.Rds","quantiseq"
"igc_estimate_20230215","igc_estimate_20230215 Deconvolution using ESTIMATE data of igc cohort in curatedPCaData package","3.17",NA,"tar.gz","https://www.ncbi.nlm.nih.gov/geo/query/acc.cgi?acc=GSE2109",NA,"Homo sapiens","9606",NA,"IGC","Teemu Daniel Laajala <teelaa@utu.fi>","matrix","Rds","igc_estimate_20230215.Rds","curatedPCaData/igc_estimate_20230215.Rds","estimate"
"igc_scores_20230215","igc_scores_20230215 Various gene expression risk and marker scores data of igc cohort in curatedPCaData package","3.17",NA,"tar.gz","https://www.ncbi.nlm.nih.gov/geo/query/acc.cgi?acc=GSE2109",NA,"Homo sapiens","9606",NA,"IGC","Teemu Daniel Laajala <teelaa@utu.fi>","matrix","Rds","igc_scores_20230215.Rds","curatedPCaData/igc_scores_20230215.Rds","scores"
"igc_mcp_20230215","igc_mcp_20230215 Deconvolution using MCP counter data of igc cohort in curatedPCaData package","3.17",NA,"tar.gz","https://www.ncbi.nlm.nih.gov/geo/query/acc.cgi?acc=GSE2109",NA,"Homo sapiens","9606",NA,"IGC","Teemu Daniel Laajala <teelaa@utu.fi>","matrix","Rds","igc_mcp_20230215.Rds","curatedPCaData/igc_mcp_20230215.Rds","mcp"
"igc_colData_20230215","igc_colData_20230215 Clinical metadata (colData-slot) of igc cohort in curatedPCaData package","3.17",NA,"TXT","https://www.ncbi.nlm.nih.gov/geo/query/acc.cgi?acc=GSE2109",NA,"Homo sapiens","9606",NA,"IGC","Teemu Daniel Laajala <teelaa@utu.fi>","DFrame","Rds","igc_colData_20230215.Rds","curatedPCaData/igc_colData_20230215.Rds","clinical"
"igc_sampleMap_20230215","igc_sampleMap_20230215 MAE-object sampleMap of igc cohort in curatedPCaData package","3.17",NA,"TXT","https://www.ncbi.nlm.nih.gov/geo/query/acc.cgi?acc=GSE2109",NA,"Homo sapiens","9606",NA,"IGC","Teemu Daniel Laajala <teelaa@utu.fi>","DFrame","Rds","igc_sampleMap_20230215.Rds","curatedPCaData/igc_sampleMap_20230215.Rds","sampleMap"
"kim_gex.rma_20230215","kim_gex.rma_20230215 Gene expression (RMA) data of kim cohort in curatedPCaData package","3.17",NA,"tar.gz","https://www.ncbi.nlm.nih.gov/geo/query/acc.cgi?acc=GSE119616",NA,"Homo sapiens","9606",NA,"GenomeDx","Teemu Daniel Laajala <teelaa@utu.fi>","matrix","Rds","kim_gex.rma_20230215.Rds","curatedPCaData/kim_gex.rma_20230215.Rds","gex.rma"
"kim_cibersort_20230215","kim_cibersort_20230215 Deconvolution using CIBERSORTx data of kim cohort in curatedPCaData package","3.17",NA,"tar.gz","https://www.ncbi.nlm.nih.gov/geo/query/acc.cgi?acc=GSE119616",NA,"Homo sapiens","9606",NA,"GenomeDx","Teemu Daniel Laajala <teelaa@utu.fi>","matrix","Rds","kim_cibersort_20230215.Rds","curatedPCaData/kim_cibersort_20230215.Rds","cibersort"
"kim_xcell_20230215","kim_xcell_20230215 Deconvolution using xCell data of kim cohort in curatedPCaData package","3.17",NA,"tar.gz","https://www.ncbi.nlm.nih.gov/geo/query/acc.cgi?acc=GSE119616",NA,"Homo sapiens","9606",NA,"GenomeDx","Teemu Daniel Laajala <teelaa@utu.fi>","matrix","Rds","kim_xcell_20230215.Rds","curatedPCaData/kim_xcell_20230215.Rds","xcell"
"kim_epic_20230215","kim_epic_20230215 Deconvolution using EPIC data of kim cohort in curatedPCaData package","3.17",NA,"tar.gz","https://www.ncbi.nlm.nih.gov/geo/query/acc.cgi?acc=GSE119616",NA,"Homo sapiens","9606",NA,"GenomeDx","Teemu Daniel Laajala <teelaa@utu.fi>","matrix","Rds","kim_epic_20230215.Rds","curatedPCaData/kim_epic_20230215.Rds","epic"
"kim_quantiseq_20230215","kim_quantiseq_20230215 Deconvolution using quanTIseq data of kim cohort in curatedPCaData package","3.17",NA,"tar.gz","https://www.ncbi.nlm.nih.gov/geo/query/acc.cgi?acc=GSE119616",NA,"Homo sapiens","9606",NA,"GenomeDx","Teemu Daniel Laajala <teelaa@utu.fi>","matrix","Rds","kim_quantiseq_20230215.Rds","curatedPCaData/kim_quantiseq_20230215.Rds","quantiseq"
"kim_mcp_20230215","kim_mcp_20230215 Deconvolution using MCP counter data of kim cohort in curatedPCaData package","3.17",NA,"tar.gz","https://www.ncbi.nlm.nih.gov/geo/query/acc.cgi?acc=GSE119616",NA,"Homo sapiens","9606",NA,"GenomeDx","Teemu Daniel Laajala <teelaa@utu.fi>","matrix","Rds","kim_mcp_20230215.Rds","curatedPCaData/kim_mcp_20230215.Rds","mcp"
"kim_estimate_20230215","kim_estimate_20230215 Deconvolution using ESTIMATE data of kim cohort in curatedPCaData package","3.17",NA,"tar.gz","https://www.ncbi.nlm.nih.gov/geo/query/acc.cgi?acc=GSE119616",NA,"Homo sapiens","9606",NA,"GenomeDx","Teemu Daniel Laajala <teelaa@utu.fi>","matrix","Rds","kim_estimate_20230215.Rds","curatedPCaData/kim_estimate_20230215.Rds","estimate"
"kim_scores_20230215","kim_scores_20230215 Various gene expression risk and marker scores data of kim cohort in curatedPCaData package","3.17",NA,"tar.gz","https://www.ncbi.nlm.nih.gov/geo/query/acc.cgi?acc=GSE119616",NA,"Homo sapiens","9606",NA,"GenomeDx","Teemu Daniel Laajala <teelaa@utu.fi>","matrix","Rds","kim_scores_20230215.Rds","curatedPCaData/kim_scores_20230215.Rds","scores"
"kim_colData_20230215","kim_colData_20230215 Clinical metadata (colData-slot) of kim cohort in curatedPCaData package","3.17",NA,"TXT","https://www.ncbi.nlm.nih.gov/geo/query/acc.cgi?acc=GSE119616",NA,"Homo sapiens","9606",NA,"GenomeDx","Teemu Daniel Laajala <teelaa@utu.fi>","DFrame","Rds","kim_colData_20230215.Rds","curatedPCaData/kim_colData_20230215.Rds","clinical"
"kim_sampleMap_20230215","kim_sampleMap_20230215 MAE-object sampleMap of kim cohort in curatedPCaData package","3.17",NA,"TXT","https://www.ncbi.nlm.nih.gov/geo/query/acc.cgi?acc=GSE119616",NA,"Homo sapiens","9606",NA,"GenomeDx","Teemu Daniel Laajala <teelaa@utu.fi>","DFrame","Rds","kim_sampleMap_20230215.Rds","curatedPCaData/kim_sampleMap_20230215.Rds","sampleMap"
"kunderfranco_gex.logr_20230215","kunderfranco_gex.logr_20230215 Gene expression (Log-ratios) data of kunderfranco cohort in curatedPCaData package","3.17",NA,"tar.gz","https://www.ncbi.nlm.nih.gov/geo/query/acc.cgi?acc=GSE14206",NA,"Homo sapiens","9606",NA,"Oncology Institute of Southern Switzerland","Teemu Daniel Laajala <teelaa@utu.fi>","matrix","Rds","kunderfranco_gex.logr_20230215.Rds","curatedPCaData/kunderfranco_gex.logr_20230215.Rds","gex.logr"
"kunderfranco_cibersort_20230215","kunderfranco_cibersort_20230215 Deconvolution using CIBERSORTx data of kunderfranco cohort in curatedPCaData package","3.17",NA,"tar.gz","https://www.ncbi.nlm.nih.gov/geo/query/acc.cgi?acc=GSE14206",NA,"Homo sapiens","9606",NA,"Oncology Institute of Southern Switzerland","Teemu Daniel Laajala <teelaa@utu.fi>","matrix","Rds","kunderfranco_cibersort_20230215.Rds","curatedPCaData/kunderfranco_cibersort_20230215.Rds","cibersort"
"kunderfranco_xcell_20230215","kunderfranco_xcell_20230215 Deconvolution using xCell data of kunderfranco cohort in curatedPCaData package","3.17",NA,"tar.gz","https://www.ncbi.nlm.nih.gov/geo/query/acc.cgi?acc=GSE14206",NA,"Homo sapiens","9606",NA,"Oncology Institute of Southern Switzerland","Teemu Daniel Laajala <teelaa@utu.fi>","matrix","Rds","kunderfranco_xcell_20230215.Rds","curatedPCaData/kunderfranco_xcell_20230215.Rds","xcell"
"kunderfranco_epic_20230215","kunderfranco_epic_20230215 Deconvolution using EPIC data of kunderfranco cohort in curatedPCaData package","3.17",NA,"tar.gz","https://www.ncbi.nlm.nih.gov/geo/query/acc.cgi?acc=GSE14206",NA,"Homo sapiens","9606",NA,"Oncology Institute of Southern Switzerland","Teemu Daniel Laajala <teelaa@utu.fi>","matrix","Rds","kunderfranco_epic_20230215.Rds","curatedPCaData/kunderfranco_epic_20230215.Rds","epic"
"kunderfranco_quantiseq_20230215","kunderfranco_quantiseq_20230215 Deconvolution using quanTIseq data of kunderfranco cohort in curatedPCaData package","3.17",NA,"tar.gz","https://www.ncbi.nlm.nih.gov/geo/query/acc.cgi?acc=GSE14206",NA,"Homo sapiens","9606",NA,"Oncology Institute of Southern Switzerland","Teemu Daniel Laajala <teelaa@utu.fi>","matrix","Rds","kunderfranco_quantiseq_20230215.Rds","curatedPCaData/kunderfranco_quantiseq_20230215.Rds","quantiseq"
"kunderfranco_estimate_20230215","kunderfranco_estimate_20230215 Deconvolution using ESTIMATE data of kunderfranco cohort in curatedPCaData package","3.17",NA,"tar.gz","https://www.ncbi.nlm.nih.gov/geo/query/acc.cgi?acc=GSE14206",NA,"Homo sapiens","9606",NA,"Oncology Institute of Southern Switzerland","Teemu Daniel Laajala <teelaa@utu.fi>","matrix","Rds","kunderfranco_estimate_20230215.Rds","curatedPCaData/kunderfranco_estimate_20230215.Rds","estimate"
"kunderfranco_scores_20230215","kunderfranco_scores_20230215 Various gene expression risk and marker scores data of kunderfranco cohort in curatedPCaData package","3.17",NA,"tar.gz","https://www.ncbi.nlm.nih.gov/geo/query/acc.cgi?acc=GSE14206",NA,"Homo sapiens","9606",NA,"Oncology Institute of Southern Switzerland","Teemu Daniel Laajala <teelaa@utu.fi>","matrix","Rds","kunderfranco_scores_20230215.Rds","curatedPCaData/kunderfranco_scores_20230215.Rds","scores"
"kunderfranco_mcp_20230215","kunderfranco_mcp_20230215 Deconvolution using MCP counter data of kunderfranco cohort in curatedPCaData package","3.17",NA,"tar.gz","https://www.ncbi.nlm.nih.gov/geo/query/acc.cgi?acc=GSE14206",NA,"Homo sapiens","9606",NA,"Oncology Institute of Southern Switzerland","Teemu Daniel Laajala <teelaa@utu.fi>","matrix","Rds","kunderfranco_mcp_20230215.Rds","curatedPCaData/kunderfranco_mcp_20230215.Rds","mcp"
"kunderfranco_colData_20230215","kunderfranco_colData_20230215 Clinical metadata (colData-slot) of kunderfranco cohort in curatedPCaData package","3.17",NA,"TXT","https://www.ncbi.nlm.nih.gov/geo/query/acc.cgi?acc=GSE14206",NA,"Homo sapiens","9606",NA,"Oncology Institute of Southern Switzerland","Teemu Daniel Laajala <teelaa@utu.fi>","DFrame","Rds","kunderfranco_colData_20230215.Rds","curatedPCaData/kunderfranco_colData_20230215.Rds","clinical"
"kunderfranco_sampleMap_20230215","kunderfranco_sampleMap_20230215 MAE-object sampleMap of kunderfranco cohort in curatedPCaData package","3.17",NA,"TXT","https://www.ncbi.nlm.nih.gov/geo/query/acc.cgi?acc=GSE14206",NA,"Homo sapiens","9606",NA,"Oncology Institute of Southern Switzerland","Teemu Daniel Laajala <teelaa@utu.fi>","DFrame","Rds","kunderfranco_sampleMap_20230215.Rds","curatedPCaData/kunderfranco_sampleMap_20230215.Rds","sampleMap"
"ren_gex.relz_20230215","ren_gex.relz_20230215 Gene expression (Relative z-score) data of ren cohort in curatedPCaData package","3.17",NA,"TXT","https://www.cbioportal.org/study/summary?id=prad_eururol_2017",NA,"Homo sapiens","9606",NA,"Shanghai Changhai Hospital","Teemu Daniel Laajala <teelaa@utu.fi>","matrix","Rds","ren_gex.relz_20230215.Rds","curatedPCaData/ren_gex.relz_20230215.Rds","gex.relz"
"ren_mut_20230215","ren_mut_20230215 Mutation data of ren cohort in curatedPCaData package","3.17",NA,"TXT","https://www.cbioportal.org/study/summary?id=prad_eururol_2017",NA,"Homo sapiens","9606",NA,"Shanghai Changhai Hospital","Teemu Daniel Laajala <teelaa@utu.fi>","RaggedExperiment","Rds","ren_mut_20230215.Rds","curatedPCaData/ren_mut_20230215.Rds","mut"
"ren_cibersort_20230215","ren_cibersort_20230215 Deconvolution using CIBERSORTx data of ren cohort in curatedPCaData package","3.17",NA,"TXT","https://www.cbioportal.org/study/summary?id=prad_eururol_2017",NA,"Homo sapiens","9606",NA,"Shanghai Changhai Hospital","Teemu Daniel Laajala <teelaa@utu.fi>","matrix","Rds","ren_cibersort_20230215.Rds","curatedPCaData/ren_cibersort_20230215.Rds","cibersort"
"ren_xcell_20230215","ren_xcell_20230215 Deconvolution using xCell data of ren cohort in curatedPCaData package","3.17",NA,"TXT","https://www.cbioportal.org/study/summary?id=prad_eururol_2017",NA,"Homo sapiens","9606",NA,"Shanghai Changhai Hospital","Teemu Daniel Laajala <teelaa@utu.fi>","matrix","Rds","ren_xcell_20230215.Rds","curatedPCaData/ren_xcell_20230215.Rds","xcell"
"ren_epic_20230215","ren_epic_20230215 Deconvolution using EPIC data of ren cohort in curatedPCaData package","3.17",NA,"TXT","https://www.cbioportal.org/study/summary?id=prad_eururol_2017",NA,"Homo sapiens","9606",NA,"Shanghai Changhai Hospital","Teemu Daniel Laajala <teelaa@utu.fi>","matrix","Rds","ren_epic_20230215.Rds","curatedPCaData/ren_epic_20230215.Rds","epic"
"ren_quantiseq_20230215","ren_quantiseq_20230215 Deconvolution using quanTIseq data of ren cohort in curatedPCaData package","3.17",NA,"TXT","https://www.cbioportal.org/study/summary?id=prad_eururol_2017",NA,"Homo sapiens","9606",NA,"Shanghai Changhai Hospital","Teemu Daniel Laajala <teelaa@utu.fi>","matrix","Rds","ren_quantiseq_20230215.Rds","curatedPCaData/ren_quantiseq_20230215.Rds","quantiseq"
"ren_mcp_20230215","ren_mcp_20230215 Deconvolution using MCP counter data of ren cohort in curatedPCaData package","3.17",NA,"TXT","https://www.cbioportal.org/study/summary?id=prad_eururol_2017",NA,"Homo sapiens","9606",NA,"Shanghai Changhai Hospital","Teemu Daniel Laajala <teelaa@utu.fi>","matrix","Rds","ren_mcp_20230215.Rds","curatedPCaData/ren_mcp_20230215.Rds","mcp"
"ren_estimate_20230215","ren_estimate_20230215 Deconvolution using ESTIMATE data of ren cohort in curatedPCaData package","3.17",NA,"TXT","https://www.cbioportal.org/study/summary?id=prad_eururol_2017",NA,"Homo sapiens","9606",NA,"Shanghai Changhai Hospital","Teemu Daniel Laajala <teelaa@utu.fi>","matrix","Rds","ren_estimate_20230215.Rds","curatedPCaData/ren_estimate_20230215.Rds","estimate"
"ren_scores_20230215","ren_scores_20230215 Various gene expression risk and marker scores data of ren cohort in curatedPCaData package","3.17",NA,"TXT","https://www.cbioportal.org/study/summary?id=prad_eururol_2017",NA,"Homo sapiens","9606",NA,"Shanghai Changhai Hospital","Teemu Daniel Laajala <teelaa@utu.fi>","matrix","Rds","ren_scores_20230215.Rds","curatedPCaData/ren_scores_20230215.Rds","scores"
"ren_colData_20230215","ren_colData_20230215 Clinical metadata (colData-slot) of ren cohort in curatedPCaData package","3.17",NA,"TXT","https://www.cbioportal.org/study/summary?id=prad_eururol_2017",NA,"Homo sapiens","9606",NA,"Shanghai Changhai Hospital","Teemu Daniel Laajala <teelaa@utu.fi>","DFrame","Rds","ren_colData_20230215.Rds","curatedPCaData/ren_colData_20230215.Rds","clinical"
"ren_sampleMap_20230215","ren_sampleMap_20230215 MAE-object sampleMap of ren cohort in curatedPCaData package","3.17",NA,"TXT","https://www.cbioportal.org/study/summary?id=prad_eururol_2017",NA,"Homo sapiens","9606",NA,"Shanghai Changhai Hospital","Teemu Daniel Laajala <teelaa@utu.fi>","DFrame","Rds","ren_sampleMap_20230215.Rds","curatedPCaData/ren_sampleMap_20230215.Rds","sampleMap"
"sun_gex.rma_20230215","sun_gex.rma_20230215 Gene expression (RMA) data of sun cohort in curatedPCaData package","3.17",NA,"tar.gz","https://www.ncbi.nlm.nih.gov/geo/query/acc.cgi?acc=GSE25136",NA,"Homo sapiens","9606",NA,"M. D. Anderson Cancer Center","Teemu Daniel Laajala <teelaa@utu.fi>","matrix","Rds","sun_gex.rma_20230215.Rds","curatedPCaData/sun_gex.rma_20230215.Rds","gex.rma"
"sun_cibersort_20230215","sun_cibersort_20230215 Deconvolution using CIBERSORTx data of sun cohort in curatedPCaData package","3.17",NA,"tar.gz","https://www.ncbi.nlm.nih.gov/geo/query/acc.cgi?acc=GSE25136",NA,"Homo sapiens","9606",NA,"M. D. Anderson Cancer Center","Teemu Daniel Laajala <teelaa@utu.fi>","matrix","Rds","sun_cibersort_20230215.Rds","curatedPCaData/sun_cibersort_20230215.Rds","cibersort"
"sun_xcell_20230215","sun_xcell_20230215 Deconvolution using xCell data of sun cohort in curatedPCaData package","3.17",NA,"tar.gz","https://www.ncbi.nlm.nih.gov/geo/query/acc.cgi?acc=GSE25136",NA,"Homo sapiens","9606",NA,"M. D. Anderson Cancer Center","Teemu Daniel Laajala <teelaa@utu.fi>","matrix","Rds","sun_xcell_20230215.Rds","curatedPCaData/sun_xcell_20230215.Rds","xcell"
"sun_epic_20230215","sun_epic_20230215 Deconvolution using EPIC data of sun cohort in curatedPCaData package","3.17",NA,"tar.gz","https://www.ncbi.nlm.nih.gov/geo/query/acc.cgi?acc=GSE25136",NA,"Homo sapiens","9606",NA,"M. D. Anderson Cancer Center","Teemu Daniel Laajala <teelaa@utu.fi>","matrix","Rds","sun_epic_20230215.Rds","curatedPCaData/sun_epic_20230215.Rds","epic"
"sun_quantiseq_20230215","sun_quantiseq_20230215 Deconvolution using quanTIseq data of sun cohort in curatedPCaData package","3.17",NA,"tar.gz","https://www.ncbi.nlm.nih.gov/geo/query/acc.cgi?acc=GSE25136",NA,"Homo sapiens","9606",NA,"M. D. Anderson Cancer Center","Teemu Daniel Laajala <teelaa@utu.fi>","matrix","Rds","sun_quantiseq_20230215.Rds","curatedPCaData/sun_quantiseq_20230215.Rds","quantiseq"
"sun_estimate_20230215","sun_estimate_20230215 Deconvolution using ESTIMATE data of sun cohort in curatedPCaData package","3.17",NA,"tar.gz","https://www.ncbi.nlm.nih.gov/geo/query/acc.cgi?acc=GSE25136",NA,"Homo sapiens","9606",NA,"M. D. Anderson Cancer Center","Teemu Daniel Laajala <teelaa@utu.fi>","matrix","Rds","sun_estimate_20230215.Rds","curatedPCaData/sun_estimate_20230215.Rds","estimate"
"sun_scores_20230215","sun_scores_20230215 Various gene expression risk and marker scores data of sun cohort in curatedPCaData package","3.17",NA,"tar.gz","https://www.ncbi.nlm.nih.gov/geo/query/acc.cgi?acc=GSE25136",NA,"Homo sapiens","9606",NA,"M. D. Anderson Cancer Center","Teemu Daniel Laajala <teelaa@utu.fi>","matrix","Rds","sun_scores_20230215.Rds","curatedPCaData/sun_scores_20230215.Rds","scores"
"sun_mcp_20230215","sun_mcp_20230215 Deconvolution using MCP counter data of sun cohort in curatedPCaData package","3.17",NA,"tar.gz","https://www.ncbi.nlm.nih.gov/geo/query/acc.cgi?acc=GSE25136",NA,"Homo sapiens","9606",NA,"M. D. Anderson Cancer Center","Teemu Daniel Laajala <teelaa@utu.fi>","matrix","Rds","sun_mcp_20230215.Rds","curatedPCaData/sun_mcp_20230215.Rds","mcp"
"sun_colData_20230215","sun_colData_20230215 Clinical metadata (colData-slot) of sun cohort in curatedPCaData package","3.17",NA,"TXT","https://www.ncbi.nlm.nih.gov/geo/query/acc.cgi?acc=GSE25136",NA,"Homo sapiens","9606",NA,"M. D. Anderson Cancer Center","Teemu Daniel Laajala <teelaa@utu.fi>","DFrame","Rds","sun_colData_20230215.Rds","curatedPCaData/sun_colData_20230215.Rds","clinical"
"sun_sampleMap_20230215","sun_sampleMap_20230215 MAE-object sampleMap of sun cohort in curatedPCaData package","3.17",NA,"TXT","https://www.ncbi.nlm.nih.gov/geo/query/acc.cgi?acc=GSE25136",NA,"Homo sapiens","9606",NA,"M. D. Anderson Cancer Center","Teemu Daniel Laajala <teelaa@utu.fi>","DFrame","Rds","sun_sampleMap_20230215.Rds","curatedPCaData/sun_sampleMap_20230215.Rds","sampleMap"
"taylor_cna.gistic_20230215","taylor_cna.gistic_20230215 Copy number alteration GISTIC data of taylor cohort in curatedPCaData package","3.17",NA,"TXT","https://www.ncbi.nlm.nih.gov/geo/query/acc.cgi?acc=GSE21032,https://www.cbioportal.org/study/summary?id=prad_mskcc",NA,"Homo sapiens","9606",NA,"MSKCC","Teemu Daniel Laajala <teelaa@utu.fi>","matrix","Rds","taylor_cna.gistic_20230215.Rds","curatedPCaData/taylor_cna.gistic_20230215.Rds","cna.gistic"
"taylor_cna.logr_20230215","taylor_cna.logr_20230215 Copy number alteration log-ratios data of taylor cohort in curatedPCaData package","3.17",NA,"TXT","https://www.ncbi.nlm.nih.gov/geo/query/acc.cgi?acc=GSE21032,https://www.cbioportal.org/study/summary?id=prad_mskcc",NA,"Homo sapiens","9606",NA,"MSKCC","Teemu Daniel Laajala <teelaa@utu.fi>","matrix","Rds","taylor_cna.logr_20230215.Rds","curatedPCaData/taylor_cna.logr_20230215.Rds","cna.logr"
"taylor_gex.rma_20230215","taylor_gex.rma_20230215 Gene expression (RMA) data of taylor cohort in curatedPCaData package","3.17",NA,"TXT","https://www.ncbi.nlm.nih.gov/geo/query/acc.cgi?acc=GSE21032,https://www.cbioportal.org/study/summary?id=prad_mskcc",NA,"Homo sapiens","9606",NA,"MSKCC","Teemu Daniel Laajala <teelaa@utu.fi>","matrix","Rds","taylor_gex.rma_20230215.Rds","curatedPCaData/taylor_gex.rma_20230215.Rds","gex.rma"
"taylor_mut_20230215","taylor_mut_20230215 Mutation data of taylor cohort in curatedPCaData package","3.17",NA,"TXT","https://www.ncbi.nlm.nih.gov/geo/query/acc.cgi?acc=GSE21032,https://www.cbioportal.org/study/summary?id=prad_mskcc",NA,"Homo sapiens","9606",NA,"MSKCC","Teemu Daniel Laajala <teelaa@utu.fi>","RaggedExperiment","Rds","taylor_mut_20230215.Rds","curatedPCaData/taylor_mut_20230215.Rds","mut"
"taylor_cibersort_20230215","taylor_cibersort_20230215 Deconvolution using CIBERSORTx data of taylor cohort in curatedPCaData package","3.17",NA,"TXT","https://www.ncbi.nlm.nih.gov/geo/query/acc.cgi?acc=GSE21032,https://www.cbioportal.org/study/summary?id=prad_mskcc",NA,"Homo sapiens","9606",NA,"MSKCC","Teemu Daniel Laajala <teelaa@utu.fi>","matrix","Rds","taylor_cibersort_20230215.Rds","curatedPCaData/taylor_cibersort_20230215.Rds","cibersort"
"taylor_xcell_20230215","taylor_xcell_20230215 Deconvolution using xCell data of taylor cohort in curatedPCaData package","3.17",NA,"TXT","https://www.ncbi.nlm.nih.gov/geo/query/acc.cgi?acc=GSE21032,https://www.cbioportal.org/study/summary?id=prad_mskcc",NA,"Homo sapiens","9606",NA,"MSKCC","Teemu Daniel Laajala <teelaa@utu.fi>","matrix","Rds","taylor_xcell_20230215.Rds","curatedPCaData/taylor_xcell_20230215.Rds","xcell"
"taylor_epic_20230215","taylor_epic_20230215 Deconvolution using EPIC data of taylor cohort in curatedPCaData package","3.17",NA,"TXT","https://www.ncbi.nlm.nih.gov/geo/query/acc.cgi?acc=GSE21032,https://www.cbioportal.org/study/summary?id=prad_mskcc",NA,"Homo sapiens","9606",NA,"MSKCC","Teemu Daniel Laajala <teelaa@utu.fi>","matrix","Rds","taylor_epic_20230215.Rds","curatedPCaData/taylor_epic_20230215.Rds","epic"
"taylor_quantiseq_20230215","taylor_quantiseq_20230215 Deconvolution using quanTIseq data of taylor cohort in curatedPCaData package","3.17",NA,"TXT","https://www.ncbi.nlm.nih.gov/geo/query/acc.cgi?acc=GSE21032,https://www.cbioportal.org/study/summary?id=prad_mskcc",NA,"Homo sapiens","9606",NA,"MSKCC","Teemu Daniel Laajala <teelaa@utu.fi>","matrix","Rds","taylor_quantiseq_20230215.Rds","curatedPCaData/taylor_quantiseq_20230215.Rds","quantiseq"
"taylor_mcp_20230215","taylor_mcp_20230215 Deconvolution using MCP counter data of taylor cohort in curatedPCaData package","3.17",NA,"TXT","https://www.ncbi.nlm.nih.gov/geo/query/acc.cgi?acc=GSE21032,https://www.cbioportal.org/study/summary?id=prad_mskcc",NA,"Homo sapiens","9606",NA,"MSKCC","Teemu Daniel Laajala <teelaa@utu.fi>","matrix","Rds","taylor_mcp_20230215.Rds","curatedPCaData/taylor_mcp_20230215.Rds","mcp"
"taylor_estimate_20230215","taylor_estimate_20230215 Deconvolution using ESTIMATE data of taylor cohort in curatedPCaData package","3.17",NA,"TXT","https://www.ncbi.nlm.nih.gov/geo/query/acc.cgi?acc=GSE21032,https://www.cbioportal.org/study/summary?id=prad_mskcc",NA,"Homo sapiens","9606",NA,"MSKCC","Teemu Daniel Laajala <teelaa@utu.fi>","matrix","Rds","taylor_estimate_20230215.Rds","curatedPCaData/taylor_estimate_20230215.Rds","estimate"
"taylor_scores_20230215","taylor_scores_20230215 Various gene expression risk and marker scores data of taylor cohort in curatedPCaData package","3.17",NA,"TXT","https://www.ncbi.nlm.nih.gov/geo/query/acc.cgi?acc=GSE21032,https://www.cbioportal.org/study/summary?id=prad_mskcc",NA,"Homo sapiens","9606",NA,"MSKCC","Teemu Daniel Laajala <teelaa@utu.fi>","matrix","Rds","taylor_scores_20230215.Rds","curatedPCaData/taylor_scores_20230215.Rds","scores"
"taylor_colData_20230215","taylor_colData_20230215 Clinical metadata (colData-slot) of taylor cohort in curatedPCaData package","3.17",NA,"TXT","https://www.ncbi.nlm.nih.gov/geo/query/acc.cgi?acc=GSE21032,https://www.cbioportal.org/study/summary?id=prad_mskcc",NA,"Homo sapiens","9606",NA,"MSKCC","Teemu Daniel Laajala <teelaa@utu.fi>","DFrame","Rds","taylor_colData_20230215.Rds","curatedPCaData/taylor_colData_20230215.Rds","clinical"
"taylor_sampleMap_20230215","taylor_sampleMap_20230215 MAE-object sampleMap of taylor cohort in curatedPCaData package","3.17",NA,"TXT","https://www.ncbi.nlm.nih.gov/geo/query/acc.cgi?acc=GSE21032,https://www.cbioportal.org/study/summary?id=prad_mskcc",NA,"Homo sapiens","9606",NA,"MSKCC","Teemu Daniel Laajala <teelaa@utu.fi>","DFrame","Rds","taylor_sampleMap_20230215.Rds","curatedPCaData/taylor_sampleMap_20230215.Rds","sampleMap"
"tcga_cna.gistic_20230215","tcga_cna.gistic_20230215 Copy number alteration GISTIC data of tcga cohort in curatedPCaData package","3.17",NA,"tar.gz","https://xenabrowser.net/datapages/?cohort=TCGA%20Prostate%20Cancer%20(PRAD)",NA,"Homo sapiens","9606",NA,"XenaBrowser","Teemu Daniel Laajala <teelaa@utu.fi>","matrix","Rds","tcga_cna.gistic_20230215.Rds","curatedPCaData/tcga_cna.gistic_20230215.Rds","cna.gistic"
"tcga_gex.rsem.log_20230215","tcga_gex.rsem.log_20230215 Gene expression (Log-RSEM) data of tcga cohort in curatedPCaData package","3.17",NA,"tar.gz","https://xenabrowser.net/datapages/?cohort=TCGA%20Prostate%20Cancer%20(PRAD)",NA,"Homo sapiens","9606",NA,"XenaBrowser","Teemu Daniel Laajala <teelaa@utu.fi>","matrix","Rds","tcga_gex.rsem.log_20230215.Rds","curatedPCaData/tcga_gex.rsem.log_20230215.Rds","gex.rsem.log"
"tcga_mut_20230215","tcga_mut_20230215 Mutation data of tcga cohort in curatedPCaData package","3.17",NA,"tar.gz","https://xenabrowser.net/datapages/?cohort=TCGA%20Prostate%20Cancer%20(PRAD)",NA,"Homo sapiens","9606",NA,"XenaBrowser","Teemu Daniel Laajala <teelaa@utu.fi>","RaggedExperiment","Rds","tcga_mut_20230215.Rds","curatedPCaData/tcga_mut_20230215.Rds","mut"
"tcga_cibersort_20230215","tcga_cibersort_20230215 Deconvolution using CIBERSORTx data of tcga cohort in curatedPCaData package","3.17",NA,"tar.gz","https://xenabrowser.net/datapages/?cohort=TCGA%20Prostate%20Cancer%20(PRAD)",NA,"Homo sapiens","9606",NA,"XenaBrowser","Teemu Daniel Laajala <teelaa@utu.fi>","matrix","Rds","tcga_cibersort_20230215.Rds","curatedPCaData/tcga_cibersort_20230215.Rds","cibersort"
"tcga_xcell_20230215","tcga_xcell_20230215 Deconvolution using xCell data of tcga cohort in curatedPCaData package","3.17",NA,"tar.gz","https://xenabrowser.net/datapages/?cohort=TCGA%20Prostate%20Cancer%20(PRAD)",NA,"Homo sapiens","9606",NA,"XenaBrowser","Teemu Daniel Laajala <teelaa@utu.fi>","matrix","Rds","tcga_xcell_20230215.Rds","curatedPCaData/tcga_xcell_20230215.Rds","xcell"
"tcga_epic_20230215","tcga_epic_20230215 Deconvolution using EPIC data of tcga cohort in curatedPCaData package","3.17",NA,"tar.gz","https://xenabrowser.net/datapages/?cohort=TCGA%20Prostate%20Cancer%20(PRAD)",NA,"Homo sapiens","9606",NA,"XenaBrowser","Teemu Daniel Laajala <teelaa@utu.fi>","matrix","Rds","tcga_epic_20230215.Rds","curatedPCaData/tcga_epic_20230215.Rds","epic"
"tcga_quantiseq_20230215","tcga_quantiseq_20230215 Deconvolution using quanTIseq data of tcga cohort in curatedPCaData package","3.17",NA,"tar.gz","https://xenabrowser.net/datapages/?cohort=TCGA%20Prostate%20Cancer%20(PRAD)",NA,"Homo sapiens","9606",NA,"XenaBrowser","Teemu Daniel Laajala <teelaa@utu.fi>","matrix","Rds","tcga_quantiseq_20230215.Rds","curatedPCaData/tcga_quantiseq_20230215.Rds","quantiseq"
"tcga_mcp_20230215","tcga_mcp_20230215 Deconvolution using MCP counter data of tcga cohort in curatedPCaData package","3.17",NA,"tar.gz","https://xenabrowser.net/datapages/?cohort=TCGA%20Prostate%20Cancer%20(PRAD)",NA,"Homo sapiens","9606",NA,"XenaBrowser","Teemu Daniel Laajala <teelaa@utu.fi>","matrix","Rds","tcga_mcp_20230215.Rds","curatedPCaData/tcga_mcp_20230215.Rds","mcp"
"tcga_estimate_20230215","tcga_estimate_20230215 Deconvolution using ESTIMATE data of tcga cohort in curatedPCaData package","3.17",NA,"tar.gz","https://xenabrowser.net/datapages/?cohort=TCGA%20Prostate%20Cancer%20(PRAD)",NA,"Homo sapiens","9606",NA,"XenaBrowser","Teemu Daniel Laajala <teelaa@utu.fi>","matrix","Rds","tcga_estimate_20230215.Rds","curatedPCaData/tcga_estimate_20230215.Rds","estimate"
"tcga_scores_20230215","tcga_scores_20230215 Various gene expression risk and marker scores data of tcga cohort in curatedPCaData package","3.17",NA,"tar.gz","https://xenabrowser.net/datapages/?cohort=TCGA%20Prostate%20Cancer%20(PRAD)",NA,"Homo sapiens","9606",NA,"XenaBrowser","Teemu Daniel Laajala <teelaa@utu.fi>","matrix","Rds","tcga_scores_20230215.Rds","curatedPCaData/tcga_scores_20230215.Rds","scores"
"tcga_colData_20230215","tcga_colData_20230215 Clinical metadata (colData-slot) of tcga cohort in curatedPCaData package","3.17",NA,"TXT","https://xenabrowser.net/datapages/?cohort=TCGA%20Prostate%20Cancer%20(PRAD)",NA,"Homo sapiens","9606",NA,"XenaBrowser","Teemu Daniel Laajala <teelaa@utu.fi>","DFrame","Rds","tcga_colData_20230215.Rds","curatedPCaData/tcga_colData_20230215.Rds","clinical"
"tcga_sampleMap_20230215","tcga_sampleMap_20230215 MAE-object sampleMap of tcga cohort in curatedPCaData package","3.17",NA,"TXT","https://xenabrowser.net/datapages/?cohort=TCGA%20Prostate%20Cancer%20(PRAD)",NA,"Homo sapiens","9606",NA,"XenaBrowser","Teemu Daniel Laajala <teelaa@utu.fi>","DFrame","Rds","tcga_sampleMap_20230215.Rds","curatedPCaData/tcga_sampleMap_20230215.Rds","sampleMap"
"true_gex.logr_20230215","true_gex.logr_20230215 Gene expression (Log-ratios) data of true cohort in curatedPCaData package","3.17",NA,"tar.gz","https://www.ncbi.nlm.nih.gov/geo/query/acc.cgi?acc=GSE5132",NA,"Homo sapiens","9606",NA,"Fred Hutchinson Cancer Research Center","Teemu Daniel Laajala <teelaa@utu.fi>","matrix","Rds","true_gex.logr_20230215.Rds","curatedPCaData/true_gex.logr_20230215.Rds","gex.logr"
"true_cibersort_20230215","true_cibersort_20230215 Deconvolution using CIBERSORTx data of true cohort in curatedPCaData package","3.17",NA,"tar.gz","https://www.ncbi.nlm.nih.gov/geo/query/acc.cgi?acc=GSE5132",NA,"Homo sapiens","9606",NA,"Fred Hutchinson Cancer Research Center","Teemu Daniel Laajala <teelaa@utu.fi>","matrix","Rds","true_cibersort_20230215.Rds","curatedPCaData/true_cibersort_20230215.Rds","cibersort"
"true_epic_20230215","true_epic_20230215 Deconvolution using EPIC data of true cohort in curatedPCaData package","3.17",NA,"tar.gz","https://www.ncbi.nlm.nih.gov/geo/query/acc.cgi?acc=GSE5132",NA,"Homo sapiens","9606",NA,"Fred Hutchinson Cancer Research Center","Teemu Daniel Laajala <teelaa@utu.fi>","matrix","Rds","true_epic_20230215.Rds","curatedPCaData/true_epic_20230215.Rds","epic"
"true_quantiseq_20230215","true_quantiseq_20230215 Deconvolution using quanTIseq data of true cohort in curatedPCaData package","3.17",NA,"tar.gz","https://www.ncbi.nlm.nih.gov/geo/query/acc.cgi?acc=GSE5132",NA,"Homo sapiens","9606",NA,"Fred Hutchinson Cancer Research Center","Teemu Daniel Laajala <teelaa@utu.fi>","matrix","Rds","true_quantiseq_20230215.Rds","curatedPCaData/true_quantiseq_20230215.Rds","quantiseq"
"true_mcp_20230215","true_mcp_20230215 Deconvolution using MCP counter data of true cohort in curatedPCaData package","3.17",NA,"tar.gz","https://www.ncbi.nlm.nih.gov/geo/query/acc.cgi?acc=GSE5132",NA,"Homo sapiens","9606",NA,"Fred Hutchinson Cancer Research Center","Teemu Daniel Laajala <teelaa@utu.fi>","matrix","Rds","true_mcp_20230215.Rds","curatedPCaData/true_mcp_20230215.Rds","mcp"
"true_estimate_20230215","true_estimate_20230215 Deconvolution using ESTIMATE data of true cohort in curatedPCaData package","3.17",NA,"tar.gz","https://www.ncbi.nlm.nih.gov/geo/query/acc.cgi?acc=GSE5132",NA,"Homo sapiens","9606",NA,"Fred Hutchinson Cancer Research Center","Teemu Daniel Laajala <teelaa@utu.fi>","matrix","Rds","true_estimate_20230215.Rds","curatedPCaData/true_estimate_20230215.Rds","estimate"
"true_scores_20230215","true_scores_20230215 Various gene expression risk and marker scores data of true cohort in curatedPCaData package","3.17",NA,"tar.gz","https://www.ncbi.nlm.nih.gov/geo/query/acc.cgi?acc=GSE5132",NA,"Homo sapiens","9606",NA,"Fred Hutchinson Cancer Research Center","Teemu Daniel Laajala <teelaa@utu.fi>","matrix","Rds","true_scores_20230215.Rds","curatedPCaData/true_scores_20230215.Rds","scores"
"true_colData_20230215","true_colData_20230215 Clinical metadata (colData-slot) of true cohort in curatedPCaData package","3.17",NA,"TXT","https://www.ncbi.nlm.nih.gov/geo/query/acc.cgi?acc=GSE5132",NA,"Homo sapiens","9606",NA,"Fred Hutchinson Cancer Research Center","Teemu Daniel Laajala <teelaa@utu.fi>","DFrame","Rds","true_colData_20230215.Rds","curatedPCaData/true_colData_20230215.Rds","clinical"
"true_sampleMap_20230215","true_sampleMap_20230215 MAE-object sampleMap of true cohort in curatedPCaData package","3.17",NA,"TXT","https://www.ncbi.nlm.nih.gov/geo/query/acc.cgi?acc=GSE5132",NA,"Homo sapiens","9606",NA,"Fred Hutchinson Cancer Research Center","Teemu Daniel Laajala <teelaa@utu.fi>","DFrame","Rds","true_sampleMap_20230215.Rds","curatedPCaData/true_sampleMap_20230215.Rds","sampleMap"
"wallace_gex.rma_20230215","wallace_gex.rma_20230215 Gene expression (RMA) data of wallace cohort in curatedPCaData package","3.17",NA,"tar.gz","https://www.ncbi.nlm.nih.gov/geo/query/acc.cgi?acc=GSE6956",NA,"Homo sapiens","9606",NA,"NCI","Teemu Daniel Laajala <teelaa@utu.fi>","matrix","Rds","wallace_gex.rma_20230215.Rds","curatedPCaData/wallace_gex.rma_20230215.Rds","gex.rma"
"wallace_cibersort_20230215","wallace_cibersort_20230215 Deconvolution using CIBERSORTx data of wallace cohort in curatedPCaData package","3.17",NA,"tar.gz","https://www.ncbi.nlm.nih.gov/geo/query/acc.cgi?acc=GSE6956",NA,"Homo sapiens","9606",NA,"NCI","Teemu Daniel Laajala <teelaa@utu.fi>","matrix","Rds","wallace_cibersort_20230215.Rds","curatedPCaData/wallace_cibersort_20230215.Rds","cibersort"
"wallace_xcell_20230215","wallace_xcell_20230215 Deconvolution using xCell data of wallace cohort in curatedPCaData package","3.17",NA,"tar.gz","https://www.ncbi.nlm.nih.gov/geo/query/acc.cgi?acc=GSE6956",NA,"Homo sapiens","9606",NA,"NCI","Teemu Daniel Laajala <teelaa@utu.fi>","matrix","Rds","wallace_xcell_20230215.Rds","curatedPCaData/wallace_xcell_20230215.Rds","xcell"
"wallace_epic_20230215","wallace_epic_20230215 Deconvolution using EPIC data of wallace cohort in curatedPCaData package","3.17",NA,"tar.gz","https://www.ncbi.nlm.nih.gov/geo/query/acc.cgi?acc=GSE6956",NA,"Homo sapiens","9606",NA,"NCI","Teemu Daniel Laajala <teelaa@utu.fi>","matrix","Rds","wallace_epic_20230215.Rds","curatedPCaData/wallace_epic_20230215.Rds","epic"
"wallace_quantiseq_20230215","wallace_quantiseq_20230215 Deconvolution using quanTIseq data of wallace cohort in curatedPCaData package","3.17",NA,"tar.gz","https://www.ncbi.nlm.nih.gov/geo/query/acc.cgi?acc=GSE6956",NA,"Homo sapiens","9606",NA,"NCI","Teemu Daniel Laajala <teelaa@utu.fi>","matrix","Rds","wallace_quantiseq_20230215.Rds","curatedPCaData/wallace_quantiseq_20230215.Rds","quantiseq"
"wallace_mcp_20230215","wallace_mcp_20230215 Deconvolution using MCP counter data of wallace cohort in curatedPCaData package","3.17",NA,"tar.gz","https://www.ncbi.nlm.nih.gov/geo/query/acc.cgi?acc=GSE6956",NA,"Homo sapiens","9606",NA,"NCI","Teemu Daniel Laajala <teelaa@utu.fi>","matrix","Rds","wallace_mcp_20230215.Rds","curatedPCaData/wallace_mcp_20230215.Rds","mcp"
"wallace_estimate_20230215","wallace_estimate_20230215 Deconvolution using ESTIMATE data of wallace cohort in curatedPCaData package","3.17",NA,"tar.gz","https://www.ncbi.nlm.nih.gov/geo/query/acc.cgi?acc=GSE6956",NA,"Homo sapiens","9606",NA,"NCI","Teemu Daniel Laajala <teelaa@utu.fi>","matrix","Rds","wallace_estimate_20230215.Rds","curatedPCaData/wallace_estimate_20230215.Rds","estimate"
"wallace_scores_20230215","wallace_scores_20230215 Various gene expression risk and marker scores data of wallace cohort in curatedPCaData package","3.17",NA,"tar.gz","https://www.ncbi.nlm.nih.gov/geo/query/acc.cgi?acc=GSE6956",NA,"Homo sapiens","9606",NA,"NCI","Teemu Daniel Laajala <teelaa@utu.fi>","matrix","Rds","wallace_scores_20230215.Rds","curatedPCaData/wallace_scores_20230215.Rds","scores"
"wallace_colData_20230215","wallace_colData_20230215 Clinical metadata (colData-slot) of wallace cohort in curatedPCaData package","3.17",NA,"TXT","https://www.ncbi.nlm.nih.gov/geo/query/acc.cgi?acc=GSE6956",NA,"Homo sapiens","9606",NA,"NCI","Teemu Daniel Laajala <teelaa@utu.fi>","DFrame","Rds","wallace_colData_20230215.Rds","curatedPCaData/wallace_colData_20230215.Rds","clinical"
"wallace_sampleMap_20230215","wallace_sampleMap_20230215 MAE-object sampleMap of wallace cohort in curatedPCaData package","3.17",NA,"TXT","https://www.ncbi.nlm.nih.gov/geo/query/acc.cgi?acc=GSE6956",NA,"Homo sapiens","9606",NA,"NCI","Teemu Daniel Laajala <teelaa@utu.fi>","DFrame","Rds","wallace_sampleMap_20230215.Rds","curatedPCaData/wallace_sampleMap_20230215.Rds","sampleMap"
"wang_gex.rma_20230215","wang_gex.rma_20230215 Gene expression (RMA) data of wang cohort in curatedPCaData package","3.17",NA,"tar.gz","https://www.ncbi.nlm.nih.gov/geo/query/acc.cgi?acc=GSE8218",NA,"Homo sapiens","9606",NA,"University of California","Teemu Daniel Laajala <teelaa@utu.fi>","matrix","Rds","wang_gex.rma_20230215.Rds","curatedPCaData/wang_gex.rma_20230215.Rds","gex.rma"
"wang_cibersort_20230215","wang_cibersort_20230215 Deconvolution using CIBERSORTx data of wang cohort in curatedPCaData package","3.17",NA,"tar.gz","https://www.ncbi.nlm.nih.gov/geo/query/acc.cgi?acc=GSE8218",NA,"Homo sapiens","9606",NA,"University of California","Teemu Daniel Laajala <teelaa@utu.fi>","matrix","Rds","wang_cibersort_20230215.Rds","curatedPCaData/wang_cibersort_20230215.Rds","cibersort"
"wang_xcell_20230215","wang_xcell_20230215 Deconvolution using xCell data of wang cohort in curatedPCaData package","3.17",NA,"tar.gz","https://www.ncbi.nlm.nih.gov/geo/query/acc.cgi?acc=GSE8218",NA,"Homo sapiens","9606",NA,"University of California","Teemu Daniel Laajala <teelaa@utu.fi>","matrix","Rds","wang_xcell_20230215.Rds","curatedPCaData/wang_xcell_20230215.Rds","xcell"
"wang_epic_20230215","wang_epic_20230215 Deconvolution using EPIC data of wang cohort in curatedPCaData package","3.17",NA,"tar.gz","https://www.ncbi.nlm.nih.gov/geo/query/acc.cgi?acc=GSE8218",NA,"Homo sapiens","9606",NA,"University of California","Teemu Daniel Laajala <teelaa@utu.fi>","matrix","Rds","wang_epic_20230215.Rds","curatedPCaData/wang_epic_20230215.Rds","epic"
"wang_quantiseq_20230215","wang_quantiseq_20230215 Deconvolution using quanTIseq data of wang cohort in curatedPCaData package","3.17",NA,"tar.gz","https://www.ncbi.nlm.nih.gov/geo/query/acc.cgi?acc=GSE8218",NA,"Homo sapiens","9606",NA,"University of California","Teemu Daniel Laajala <teelaa@utu.fi>","matrix","Rds","wang_quantiseq_20230215.Rds","curatedPCaData/wang_quantiseq_20230215.Rds","quantiseq"
"wang_estimate_20230215","wang_estimate_20230215 Deconvolution using ESTIMATE data of wang cohort in curatedPCaData package","3.17",NA,"tar.gz","https://www.ncbi.nlm.nih.gov/geo/query/acc.cgi?acc=GSE8218",NA,"Homo sapiens","9606",NA,"University of California","Teemu Daniel Laajala <teelaa@utu.fi>","matrix","Rds","wang_estimate_20230215.Rds","curatedPCaData/wang_estimate_20230215.Rds","estimate"
"wang_scores_20230215","wang_scores_20230215 Various gene expression risk and marker scores data of wang cohort in curatedPCaData package","3.17",NA,"tar.gz","https://www.ncbi.nlm.nih.gov/geo/query/acc.cgi?acc=GSE8218",NA,"Homo sapiens","9606",NA,"University of California","Teemu Daniel Laajala <teelaa@utu.fi>","matrix","Rds","wang_scores_20230215.Rds","curatedPCaData/wang_scores_20230215.Rds","scores"
"wang_mcp_20230215","wang_mcp_20230215 Deconvolution using MCP counter data of wang cohort in curatedPCaData package","3.17",NA,"tar.gz","https://www.ncbi.nlm.nih.gov/geo/query/acc.cgi?acc=GSE8218",NA,"Homo sapiens","9606",NA,"University of California","Teemu Daniel Laajala <teelaa@utu.fi>","matrix","Rds","wang_mcp_20230215.Rds","curatedPCaData/wang_mcp_20230215.Rds","mcp"
"wang_colData_20230215","wang_colData_20230215 Clinical metadata (colData-slot) of wang cohort in curatedPCaData package","3.17",NA,"TXT","https://www.ncbi.nlm.nih.gov/geo/query/acc.cgi?acc=GSE8218",NA,"Homo sapiens","9606",NA,"University of California","Teemu Daniel Laajala <teelaa@utu.fi>","DFrame","Rds","wang_colData_20230215.Rds","curatedPCaData/wang_colData_20230215.Rds","clinical"
"wang_sampleMap_20230215","wang_sampleMap_20230215 MAE-object sampleMap of wang cohort in curatedPCaData package","3.17",NA,"TXT","https://www.ncbi.nlm.nih.gov/geo/query/acc.cgi?acc=GSE8218",NA,"Homo sapiens","9606",NA,"University of California","Teemu Daniel Laajala <teelaa@utu.fi>","DFrame","Rds","wang_sampleMap_20230215.Rds","curatedPCaData/wang_sampleMap_20230215.Rds","sampleMap"
"weiner_gex.rma_20230215","weiner_gex.rma_20230215 Gene expression (RMA) data of weiner cohort in curatedPCaData package","3.17",NA,"tar.gz","https://www.ncbi.nlm.nih.gov/geo/query/acc.cgi?acc=GSE157548",NA,"Homo sapiens","9606",NA,"Decipher Bioscience","Teemu Daniel Laajala <teelaa@utu.fi>","matrix","Rds","weiner_gex.rma_20230215.Rds","curatedPCaData/weiner_gex.rma_20230215.Rds","gex.rma"
"weiner_cibersort_20230215","weiner_cibersort_20230215 Deconvolution using CIBERSORTx data of weiner cohort in curatedPCaData package","3.17",NA,"tar.gz","https://www.ncbi.nlm.nih.gov/geo/query/acc.cgi?acc=GSE157548",NA,"Homo sapiens","9606",NA,"Decipher Bioscience","Teemu Daniel Laajala <teelaa@utu.fi>","matrix","Rds","weiner_cibersort_20230215.Rds","curatedPCaData/weiner_cibersort_20230215.Rds","cibersort"
"weiner_xcell_20230215","weiner_xcell_20230215 Deconvolution using xCell data of weiner cohort in curatedPCaData package","3.17",NA,"tar.gz","https://www.ncbi.nlm.nih.gov/geo/query/acc.cgi?acc=GSE157548",NA,"Homo sapiens","9606",NA,"Decipher Bioscience","Teemu Daniel Laajala <teelaa@utu.fi>","matrix","Rds","weiner_xcell_20230215.Rds","curatedPCaData/weiner_xcell_20230215.Rds","xcell"
"weiner_epic_20230215","weiner_epic_20230215 Deconvolution using EPIC data of weiner cohort in curatedPCaData package","3.17",NA,"tar.gz","https://www.ncbi.nlm.nih.gov/geo/query/acc.cgi?acc=GSE157548",NA,"Homo sapiens","9606",NA,"Decipher Bioscience","Teemu Daniel Laajala <teelaa@utu.fi>","matrix","Rds","weiner_epic_20230215.Rds","curatedPCaData/weiner_epic_20230215.Rds","epic"
"weiner_quantiseq_20230215","weiner_quantiseq_20230215 Deconvolution using quanTIseq data of weiner cohort in curatedPCaData package","3.17",NA,"tar.gz","https://www.ncbi.nlm.nih.gov/geo/query/acc.cgi?acc=GSE157548",NA,"Homo sapiens","9606",NA,"Decipher Bioscience","Teemu Daniel Laajala <teelaa@utu.fi>","matrix","Rds","weiner_quantiseq_20230215.Rds","curatedPCaData/weiner_quantiseq_20230215.Rds","quantiseq"
"weiner_estimate_20230215","weiner_estimate_20230215 Deconvolution using ESTIMATE data of weiner cohort in curatedPCaData package","3.17",NA,"tar.gz","https://www.ncbi.nlm.nih.gov/geo/query/acc.cgi?acc=GSE157548",NA,"Homo sapiens","9606",NA,"Decipher Bioscience","Teemu Daniel Laajala <teelaa@utu.fi>","matrix","Rds","weiner_estimate_20230215.Rds","curatedPCaData/weiner_estimate_20230215.Rds","estimate"
"weiner_scores_20230215","weiner_scores_20230215 Various gene expression risk and marker scores data of weiner cohort in curatedPCaData package","3.17",NA,"tar.gz","https://www.ncbi.nlm.nih.gov/geo/query/acc.cgi?acc=GSE157548",NA,"Homo sapiens","9606",NA,"Decipher Bioscience","Teemu Daniel Laajala <teelaa@utu.fi>","matrix","Rds","weiner_scores_20230215.Rds","curatedPCaData/weiner_scores_20230215.Rds","scores"
"weiner_mcp_20230215","weiner_mcp_20230215 Deconvolution using MCP counter data of weiner cohort in curatedPCaData package","3.17",NA,"tar.gz","https://www.ncbi.nlm.nih.gov/geo/query/acc.cgi?acc=GSE157548",NA,"Homo sapiens","9606",NA,"Decipher Bioscience","Teemu Daniel Laajala <teelaa@utu.fi>","matrix","Rds","weiner_mcp_20230215.Rds","curatedPCaData/weiner_mcp_20230215.Rds","mcp"
"weiner_colData_20230215","weiner_colData_20230215 Clinical metadata (colData-slot) of weiner cohort in curatedPCaData package","3.17",NA,"TXT","https://www.ncbi.nlm.nih.gov/geo/query/acc.cgi?acc=GSE157548",NA,"Homo sapiens","9606",NA,"Decipher Bioscience","Teemu Daniel Laajala <teelaa@utu.fi>","DFrame","Rds","weiner_colData_20230215.Rds","curatedPCaData/weiner_colData_20230215.Rds","clinical"
"weiner_sampleMap_20230215","weiner_sampleMap_20230215 MAE-object sampleMap of weiner cohort in curatedPCaData package","3.17",NA,"TXT","https://www.ncbi.nlm.nih.gov/geo/query/acc.cgi?acc=GSE157548",NA,"Homo sapiens","9606",NA,"Decipher Bioscience","Teemu Daniel Laajala <teelaa@utu.fi>","DFrame","Rds","weiner_sampleMap_20230215.Rds","curatedPCaData/weiner_sampleMap_20230215.Rds","sampleMap"
