	AR_score	AR_mRNA	Gleason	Overall_Survival_Status	Days_to_Overall_Survival	Disease_Specific_Recurrence_Status	Days_to_Disease_Specific_Recurrence	AKT1	AR	ATM	BRCA1	BRCA2	CDKN1B	CHD1	ERG	FOXA1	MAP3K7	MYC	PARP1	PIK3CA	PTEN	RB1	SPOP	TP53
PCA0001	-0,132951784240832	9,45228171911667	6	NA	NA	1	564							HOMDEL			HETLOSS	LOW_GAIN				HETLOSS		
PCA0002	3,10431360317383	9,28066155650911	7	NA	NA	0	1770				LOW_GAIN				HETLOSS;Fusion		HETLOSS	LOW_GAIN	HETLOSS				LOW_GAIN	HETLOSS
PCA0003	-8,1733648999457	8,5983410344275	7	NA	NA	0	2841																	
PCA0005	3,94846248380847	9,41401181314005	6	NA	NA	0	3846								Fusion									HETLOSS
PCA0007	14,6711525446436	9,57074963387461	7	NA	NA	0	3007							HIGH_AMP				HETLOSS						
PCA0008	7,12189807977507	9,58808256356073	7	NA	NA	0	4550						HETLOSS				HETLOSS							
PCA0009	8,90551537440274	9,70147006867876	6	NA	NA	1	1975					HETLOSS							HETLOSS			HETLOSS		
PCA0010	-4,64395921152612	9,59139410126774	6	NA	NA	0	1069											LOW_GAIN						
PCA0011	-12,5618548856775	9,15408154103439	6	NA	NA	0	2506																	
PCA0012	10,6459472775968	9,561608004395	6	NA	NA	0	3917	NA	NA	NA	NA	NA	NA	NA	NA	NA	NA	NA	NA	NA	NA	NA	NA	NA
PCA0013	3,3729173163103	9,35142600080652	7	NA	NA	0	317								HOMDEL;Fusion									HOMDEL
PCA0014	8,20572021571553	9,68650549029314	6	NA	NA	0	2332								Fusion					HETLOSS				
PCA0015	-1,80363166399896	9,67322651331713	6	NA	NA	0	692								Fusion									
PCA0017	-5,74417753624554	8,91109643894756	7	NA	NA	0	3184																	
PCA0018	6,17255604612842	9,51685725888579	6	NA	NA	0	578								Fusion									
PCA0020	6,27006496831524	9,60154386936267	7	NA	NA	0	1737						HETLOSS		Fusion									
PCA0021	-3,57359892147166	9,2390564155206	7	NA	NA	0	1876								HETLOSS;Fusion					LOW_GAIN				
PCA0022	4,0915098108782	9,19319385678011	6	NA	NA	1	1218	NA	NA	NA	NA	NA	NA	NA	NA	NA	NA	NA	NA	NA	NA	NA	NA	NA
PCA0024	4,57219816967011	9,1105933581772	7	NA	NA	1	120																	
PCA0025	6,90226116304153	9,49526111995068	7	NA	NA	1	2075							HOMDEL			HETLOSS							
PCA0026	8,05909061935695	9,70158525269868	6	NA	NA	0	2384										HETLOSS				HETLOSS	HETLOSS		
PCA0027	7,67693966205542	9,20980920641037	5	NA	NA	0	3563																	
PCA0028	-4,79131037910681	9,40478309353229	6	NA	NA	1	842					HETLOSS			Fusion							HETLOSS	LOW_GAIN	HETLOSS
PCA0029	10,8655157713945	9,45727308691588	6	NA	NA	0	814						HETLOSS				HETLOSS							
PCA0030	-8,23822713561492	9,17876418037157	6	NA	NA	0	3510	NA	NA	NA	NA	NA	NA	NA	NA	NA	NA	NA	NA	NA	NA	NA	NA	NA
PCA0031	-12,1005801107363	8,49184594999399	8	NA	NA	1	1078	NA	NA	NA	NA	NA	NA	NA	NA	NA	NA	NA	NA	NA	NA	NA	NA	NA
PCA0032	4,26199317439934	10,0518975728278	6	NA	NA	1	113			HETLOSS				HETLOSS			HETLOSS	LOW_GAIN						
PCA0033	-2,70490745876683	9,55945457206024	6	NA	NA	0	2107																	
PCA0034	7,3400625590639	9,56039108815876	6	NA	NA	1	2836								Fusion		HETLOSS							
PCA0035	2,55925717036368	9,69421059655893	6	NA	NA	0	2373								HETLOSS;Fusion							HETLOSS		HETLOSS
PCA0036	6,12680343570132	9,40792196489444	6	NA	NA	0	2602						HETLOSS	HETLOSS			HETLOSS					HETLOSS		
PCA0037	11,827378541377	9,74745111939944	6	NA	NA	0	3174								Fusion									
PCA0038	9,2337155745028	10,0936966666333	9	NA	NA	0	3056				HETLOSS				Fusion									
PCA0040	-17,6645763258596	8,72769104832752	6	NA	NA	0	2730																	
PCA0050	-15,3418377830851	9,71289323624698	7	NA	NA	0	2557								HETLOSS;Fusion									
PCA0052	3,71176415370916	9,26639547889105	6	NA	NA	0	3127	NA	NA	NA	NA	NA	NA	NA	NA	NA	NA	NA	NA	NA	NA	NA	NA	NA
PCA0054	-10,6390669004132	8,85767875707655	7	NA	NA	1	64								Fusion		HETLOSS							HOMDEL
PCA0056	-39,3642496326937	6,98839684944267	6	NA	NA	0	762	NA	NA	NA	NA	NA	NA	NA	NA	NA	NA	NA	NA	NA	NA	NA	NA	NA
PCA0057	-1,79595547814584	8,54044814295213	6	NA	NA	0	2527			HETLOSS		HETLOSS					HETLOSS					HETLOSS		
PCA0058	7,54483992894369	10,1116115189648	6	NA	NA	0	921					HOMDEL										HOMDEL		
PCA0062	1,27858460674449	9,34602796471562	6	NA	NA	0	1310																	
PCA0063	7,4119930185357	9,42736885544933	7	NA	NA	0	2261	LOW_GAIN		HETLOSS	HETLOSS	HOMDEL		HETLOSS	Fusion			LOW_GAIN	HETLOSS			HOMDEL		
PCA0064	7,57828930235761	9,33836333772422	6	NA	NA	0	741																	
PCA0065	3,12973255735256	9,14915848781782	6	NA	NA	0	2360						HETLOSS	HETLOSS			HETLOSS		HETLOSS			HETLOSS		
PCA0066	-4,85246821510583	9,26831273853775	7	NA	NA	0	2352															HETLOSS		
PCA0068	3,26247268613559	9,25253021542546	6	NA	NA	0	1389					HETLOSS										HETLOSS		
PCA0073	1,97067672999752	9,11753475036137	7	NA	NA	1	398						HETLOSS	HETLOSS	Fusion						HOMDEL			HETLOSS
PCA0074	-8,82073689963757	9,20863588009962	7	NA	NA	0	2571								Fusion		HETLOSS					HETLOSS		HETLOSS
PCA0075	-5,1329244411535	9,1939997619352	6	NA	NA	0	1505																	HETLOSS
PCA0077	-6,84836579896011	9,0579055316204	6	NA	NA	0	1882	NA	NA	NA	NA	NA	NA	NA	NA	NA	NA	NA	NA	NA	NA	NA	NA	NA
PCA0080	3,66216962276105	9,35171217140215	8	NA	NA	1	1689			HETLOSS				HOMDEL	Fusion		HETLOSS	LOW_GAIN		LOW_GAIN		HETLOSS		
PCA0081	11,3641826569496	9,77068022219474	7	NA	NA	1	301																	
PCA0082	8,19610608950838	9,28800824695757	6	NA	NA	0	1799															HETLOSS		
PCA0083	-1,41430472427842	9,12735176065063	7	NA	NA	1	970						HETLOSS		Fusion						HOMDEL	HETLOSS		
PCA0084	11,3558244297357	9,88034513355675	6	NA	NA	0	1210						HOMDEL											
PCA0086	5,25880439538714	9,16970612584615	7	NA	NA	0	1856								Fusion									
PCA0087	11,7873869216981	9,65219121142437	6	NA	NA	0	1734					HOMDEL			Fusion			LOW_GAIN				HOMDEL		
PCA0089	0,869757926250074	9,00681045057365	6	NA	NA	0	2140								Fusion									HETLOSS
PCA0090	2,51650622045913	9,23018976759124	6	NA	NA	0	1477								Fusion									
PCA0092	-4,89159735143838	10,0377128289219	7	NA	NA	1	513								Fusion						HETLOSS	HETLOSS		HETLOSS
PCA0093	10,5016751652897	9,63440917627119	6	NA	NA	0	1416	NA	NA	NA	NA	NA	NA	NA	NA	NA	NA	NA	NA	NA	NA	NA	NA	NA
PCA0094	3,95791793846408	9,41675401153268	6	NA	NA	0	2016											LOW_GAIN						
PCA0095	0,0579595443347137	9,25575308874442	6	NA	NA	0	1573								Fusion									
PCA0096	-2,485146198535	9,47527218321686	7	NA	NA	0	1293										HETLOSS							
PCA0097	-0,291379385741626	9,16733923224393	6	NA	NA	0	57								Fusion									
PCA0099	4,40262104294356	9,62924507081534	9	NA	NA	0	176															HETLOSS		HETLOSS
PCA0100	0,829709504718493	9,33324685648331	7	NA	NA	0	1165								Fusion									
PCA0101	1,27103063072914	8,9539408464743	6	NA	NA	0	1902	NA	NA	NA	NA	NA	NA	NA	NA	NA	NA	NA	NA	NA	NA	NA	NA	NA
PCA0103	2,0949056828683	9,36303687063612	7	NA	NA	1	874								Fusion							HETLOSS		HETLOSS
PCA0104	-3,339447768539	9,5285459888617	6	NA	NA	0	1326								Fusion						HOMDEL			
PCA0105	2,80295259269782	9,34951213174159	7	NA	NA	0	702	NA	NA	NA	NA	NA	NA	NA	NA	NA	NA	NA	NA	NA	NA	NA	NA	NA
PCA0107	3,69314040891607	10,1110128553307	6	NA	NA	0	1713	NA	NA	NA	NA	NA	NA	NA	NA	NA	NA	NA	NA	NA	NA	NA	NA	NA
PCA0108	-0,664191684914159	9,52233721172257	6	NA	NA	0	1804								Fusion							HOMDEL		HETLOSS
PCA0109	5,51317234523436	9,52297554070767	6	NA	NA	0	423						HETLOSS											
PCA0110	-0,105973050652929	8,89444986356744	6	NA	NA	0	1797																	
PCA0111	-14,1470861498165	8,85119199530115	7	NA	NA	0	1520	NA	NA	NA	NA	NA	NA	NA	NA	NA	NA	NA	NA	NA	NA	NA	NA	NA
PCA0112	-2,06431766719525	9,82862511719955	8	NA	NA	1	403					HETLOSS		HOMDEL			HETLOSS		HETLOSS			HETLOSS		
PCA0113	-1,67273404244992	9,34204413151552	7	NA	NA	0	1844	NA	NA	NA	NA	NA	NA	NA	NA	NA	NA	NA	NA	NA	NA	NA	NA	NA
PCA0114	-2,48207731708889	9,09596609961173	6	NA	NA	0	1182								Fusion			LOW_GAIN			HOMDEL			
PCA0115	-1,68465087035185	9,3674645860499	6	NA	NA	0	800						HOMDEL		Fusion						HETLOSS	HETLOSS		
PCA0117	-8,96106769319796	8,76577182782235	8	NA	NA	1	574						HETLOSS				HETLOSS		HETLOSS					
PCA0118	7,45426477058	9,46130853568639	6	NA	NA	0	1337								Fusion									
PCA0119	-4,1302493298645	9,01599901588554	6	NA	NA	0	1418								Fusion		HETLOSS	LOW_GAIN				HETLOSS		
PCA0120	8,47244681083603	9,23316927549969	6	NA	NA	0	1911	NA	NA	NA	NA	NA	NA	NA	NA	NA	NA	NA	NA	NA	NA	NA	NA	NA
PCA0122	-5,68422701393486	9,15014280887816	6	NA	NA	0	1600																	
PCA0123	2,75280085452773	9,41869869024095	6	NA	NA	0	1832					Missense_Mutation			Fusion									
PCA0124	-1,0399349722779	8,96018389762275	6	NA	NA	0	1684	NA	NA	NA	NA	NA	NA	NA	NA	NA	NA	NA	NA	NA	NA	NA	NA	NA
PCA0125	-9,45477545037704	8,80458476880011	7	NA	NA	0	1872								Fusion						HETLOSS			
PCA0126	7,66740507849289	9,01536038928752	6	NA	NA	0	1581					HOMDEL									HETLOSS	HOMDEL		
PCA0127	3,75965409536165	9,63573432383791	8	NA	NA	0	1328				HETLOSS			HETLOSS										
PCA0128	-9,85248222759179	9,10983056827103	6	NA	NA	1	1642						HETLOSS	HETLOSS	HETLOSS;Fusion						HOMDEL			HETLOSS;Missense_Mutation
PCA0129	-0,0542370908454373	8,95388119830618	7	NA	NA	0	1735										HETLOSS					HETLOSS		
PCA0130	-22,4941485537748	8,46879953199841	8	NA	NA	1	850								Fusion	HIGH_AMP				LOW_GAIN			LOW_GAIN	
PCA0132	6,2857780780752	9,65817970232259	6	NA	NA	0	1481								Fusion									HETLOSS
PCA0133	6,99216047116066	9,58906316695761	6	NA	NA	0	856						HETLOSS		Fusion		HETLOSS							
PCA0134	25,1559514557739	9,64366993774807	6	NA	NA	0	249	NA	NA	NA	NA	NA	NA	NA	NA	NA	NA	NA	NA	NA	NA	NA	NA	NA
PCA0135	24,9709933155729	9,96988029606961	6	NA	NA	0	1575							HETLOSS			HETLOSS	HIGH_AMP	HETLOSS					
PCA0136	3,15657347446257	9,45603269268475	6	NA	NA	1	174			HETLOSS		HETLOSS		HETLOSS			HETLOSS	LOW_GAIN	HETLOSS			HETLOSS		
PCA0141	7,99947019028801	9,41394242991543	6	NA	NA	0	1274			HETLOSS		HETLOSS	HETLOSS		Fusion		HETLOSS					HETLOSS		
PCA0144	8,54510700717676	9,78304794588576	7	NA	NA	0	1146						HOMDEL	HOMDEL			HETLOSS							
PCA0145	-16,8838639592008	8,08245595316517	7	NA	NA	0	1477	NA	NA	NA	NA	NA	NA	NA	NA	NA	NA	NA	NA	NA	NA	NA	NA	NA
PCA0146	11,9076049193	9,83337958451211	6	NA	NA	0	1552	NA	NA	NA	NA	NA	NA	NA	NA	NA	NA	NA	NA	NA	NA	NA	NA	NA
PCA0147	5,60974664022599	9,34661417874568	6	NA	NA	0	1395	NA	NA	NA	NA	NA	NA	NA	NA	NA	NA	NA	NA	NA	NA	NA	NA	NA
PCA0149	2,72439678720832	9,30131271815995	7	NA	NA	0	1805								Fusion			LOW_GAIN		HETLOSS				
PCA0150	2,95811159599046	9,700117180159	7	NA	NA	0	1566	NA	NA	NA	NA	NA	NA	NA	NA	NA	NA	NA	NA	NA	NA	NA	NA	NA
PCA0151	-6,58702838939715	8,85026138022974	6	NA	NA	0	1444																	
PCA0155	7,16033042720091	9,33298574642865	7	NA	NA	0	1452										HOMDEL							
PCA0156	11,4931834146953	9,82000890846759	7	NA	NA	0	330						HETLOSS				HETLOSS	HIGH_AMP	HETLOSS			HETLOSS		
PCA0157	-3,43646717358045	9,06154215197336	6	NA	NA	0	1215					HETLOSS										HETLOSS		
PCA0158	8,08342143007488	9,27640472103057	6	NA	NA	0	964	NA	NA	NA	NA	NA	NA	NA	NA	NA	NA	NA	NA	NA	NA	NA	NA	NA
PCA0159	2,48575517223247	9,37780307689533	7	NA	NA	1	43	NA	NA	NA	NA	NA	NA	NA	NA	NA	NA	NA	NA	NA	NA	NA	NA	NA
PCA0160	-2,66627579732538	9,35239223219619	6	NA	NA	0	396								Fusion		HETLOSS							HETLOSS
PCA0161	0,139117080063584	8,92562725371252	6	NA	NA	1	580			HETLOSS											HETLOSS			
PCA0162	1,4117979216574	9,48519734157869	7	NA	NA	0	361						HETLOSS		Fusion							HETLOSS		
PCA0163	-1,62930703846312	9,11719413919022	7	NA	NA	0	1384								Fusion							HETLOSS		
PCA0164	1,25437556095909	9,22401405345274	6	NA	NA	0	1663									LOW_GAIN	HETLOSS		HETLOSS					
PCA0165	-8,79327607723834	9,07061978560934	6	NA	NA	0	931	NA	NA	NA	NA	NA	NA	NA	NA	NA	NA	NA	NA	NA	NA	NA	NA	NA
PCA0167	3,46908757520055	9,20632871688055	6	NA	NA	0	819								Fusion							HETLOSS		
PCA0168	7,00500059630675	9,70955154846527	6	NA	NA	0	1495								Fusion							HETLOSS		HETLOSS
PCA0169	4,07679857625655	9,50972756662673	6	NA	NA	0	1310	NA	NA	NA	NA	NA	NA	NA	NA	NA	NA	NA	NA	NA	NA	NA	NA	NA
PCA0170	-7,15290883100663	8,76904935921429	7	NA	NA	0	1591	NA	NA	NA	NA	NA	NA	NA	NA	NA	NA	NA	NA	NA	NA	NA	NA	NA
PCA0171	0,632524823807187	9,45837339871638	6	NA	NA	0	270								HETLOSS;Fusion		HETLOSS				HOMDEL			HETLOSS
PCA0172	-1,45194414852916	9,62173290944988	8	NA	NA	1	932										HETLOSS							
PCA0173	7,56744549474556	9,87219778931947	7	NA	NA	0	997			HETLOSS			HETLOSS					LOW_GAIN						
PCA0174	1,88381011350491	9,61145452470559	7	NA	NA	0	1321					HETLOSS		HOMDEL			HETLOSS	LOW_GAIN				HETLOSS		
PCA0175	0,627648372065199	8,73199453752037	7	NA	NA	0	1098	NA	NA	NA	NA	NA	NA	NA	NA	NA	NA	NA	NA	NA	NA	NA	NA	NA
PCA0176	-12,9375917474211	9,3959725727526	6	NA	NA	1	78	NA	NA	NA	NA	NA	NA	NA	NA	NA	NA	NA	NA	NA	NA	NA	NA	NA
PCA0178	-0,129192814971393	9,24818865053024	6	NA	NA	0	1149	NA	NA	NA	NA	NA	NA	NA	NA	NA	NA	NA	NA	NA	NA	NA	NA	NA
PCA0179	3,99325683599234	8,90482565084773	9	NA	NA	1	89					HETLOSS		HOMDEL			HETLOSS					HETLOSS		
PCA0180	5,16543416655779	9,98573150290845	7	NA	NA	1	42						HETLOSS				HETLOSS							
PCA0181	-6,01641655246024	9,95256267637376	9	NA	NA	0	916			HETLOSS							HETLOSS				HETLOSS	HETLOSS		HETLOSS
PCA0182	4,96296125851906	10,4398108305709	7	NA	NA	NA	NA	HETLOSS				HETLOSS	HETLOSS	HETLOSS	Fusion	HETLOSS					HOMDEL	HETLOSS		HETLOSS
PCA0184	-8,73155834429703	10,1579101580178	6	NA	NA	NA	NA	HETLOSS			HETLOSS	HETLOSS		HETLOSS	HOMDEL;Fusion	HETLOSS				LOW_GAIN	HOMDEL	HETLOSS		HETLOSS
PCA0187	2,05701437379816	11,4661314615316	7	NA	NA	1	549						HETLOSS		HOMDEL;Fusion	HETLOSS						HETLOSS		
PCA0188	-3,29338552082375	9,97368951021895	9	NA	NA	NA	NA		Missense_Mutation;Missense_Mutation				HETLOSS	HETLOSS	Fusion			HIGH_AMP	HETLOSS		HETLOSS	HETLOSS		HETLOSS
PCA0189	2,79940152776032	10,5925579461742	8	NA	NA	NA	NA						HETLOSS		Fusion							HETLOSS		HETLOSS
PCA0190	-10,7240084636843	12,5169824976853	NA	NA	NA	NA	NA	LOW_GAIN	HIGH_AMP			HETLOSS	LOW_GAIN			LOW_GAIN		LOW_GAIN	LOW_GAIN			HETLOSS	LOW_GAIN	
PCA0193	-1,92652499981843	11,5482391967952	9	NA	NA	NA	NA		HIGH_AMP			HETLOSS		HETLOSS	Fusion		HETLOSS	HIGH_AMP			HOMDEL	HETLOSS		HETLOSS
PCA0194	-10,0703728706726	11,8843288222746	6	NA	NA	NA	NA		Missense_Mutation	HETLOSS		HETLOSS;Missense_Mutation		HOMDEL			HETLOSS	LOW_GAIN	HETLOSS			HETLOSS		
PCA0199	-45,7399896607827	6,87606224244991	9	NA	NA	NA	NA			LOW_GAIN		HETLOSS	HETLOSS		HETLOSS	LOW_GAIN	HETLOSS	LOW_GAIN			HETLOSS	HETLOSS		HETLOSS
PCA0200	3,79731183548863	9,47491016239206	9	NA	NA	1	88							LOW_GAIN								HOMDEL		
PCA0201	-7,90702784449668	9,68893137129704	7	NA	NA	1	125		HIGH_AMP						Fusion		HOMDEL							HOMDEL
PCA0206	14,9870931518302	10,3859937853936	7	NA	NA	1	49						HETLOSS				HETLOSS							
PCA0207	-1,96442784082083	9,86216136873502	7	NA	NA	1	42	HETLOSS		HETLOSS		HETLOSS			LOW_GAIN			HETLOSS			HETLOSS	HETLOSS		HETLOSS
PCA0208	-29,3846559565878	10,0638217267352	7	NA	NA	1	360	HETLOSS				HETLOSS	HETLOSS	HETLOSS	Fusion	HETLOSS	HETLOSS	LOW_GAIN	LOW_GAIN		HOMDEL	HETLOSS		HETLOSS
PCA0209	17,6015360025483	9,90792820654562	8	NA	NA	NA	NA		Missense_Mutation			HETLOSS					HETLOSS	LOW_GAIN	LOW_GAIN		HOMDEL	HETLOSS		
PCA0210	-27,9584175813128	10,0293503994435	7	NA	NA	1	611	LOW_GAIN			LOW_GAIN	HETLOSS			LOW_GAIN	LOW_GAIN	LOW_GAIN			LOW_GAIN	HOMDEL	HETLOSS	LOW_GAIN	HETLOSS
PCA0211	-5,1001636984295	12,4410861343512	9	NA	NA	NA	NA	HETLOSS	HIGH_AMP		HETLOSS	HETLOSS	HETLOSS	LOW_GAIN	LOW_GAIN	LOW_GAIN	HETLOSS	HIGH_AMP	LOW_GAIN	LOW_GAIN		HETLOSS	HIGH_AMP	HETLOSS
PCA0213	-5,72493585466557	11,8264741939635	7	NA	NA	1	1972		HIGH_AMP			HETLOSS										HETLOSS		
PCA0215	-32,9737057494568	9,99039741296707	8	NA	NA	1	181						HETLOSS								HOMDEL	HETLOSS		
