	AR_score	AR_mRNA	Gleason	Overall_Survival_Status	Days_to_Overall_Survival	Disease_Specific_Recurrence_Status	Days_to_Disease_Specific_Recurrence	AKT1	AR	ATM	BRCA1	BRCA2	CDKN1B	CHD1	ERG	ETV1	ETV4	FLI1	FOXA1	MAP3K7	MYC	PARP1	PIK3CA	PTEN	RB1	SPOP	TP53
CH15T	2,39992423559213	16,0511	4+4	NA	NA	NA	NA																				
CH16T	-16,3980642263685	13,8079	3+4	NA	NA	NA	NA																				
CH17T	28,7817716544934	36,6501	3+3	NA	NA	NA	NA																				
CH18T	2,48577696487599	13,4688	3+4	NA	NA	NA	NA																				
CH19T	12,3036495066448	22,7736	3+4	NA	NA	NA	NA																				
CH20T	-10,2477273622584	14,1088	3+4	NA	NA	NA	NA								Fusion									HOMDEL			
CH21T	-3,47686758611898	16,6614	3+4	NA	NA	NA	NA																	HOMDEL			Missense_Mutation
CH22T	-10,7163059361226	27,7299	3+4	NA	NA	NA	NA				Missense_Mutation																
CH23T	1,71732744976274	14,3424	3+4	NA	NA	NA	NA																				
CH24T	4,41650969203795	14,7617	4+3	NA	NA	NA	NA							HOMDEL						HETLOSS					HETLOSS	Missense_Mutation	
CH25T	-1,91954519030614	17,4993	4+3	NA	NA	NA	NA	HETLOSS						LOW_GAIN								HIGH_AMP					
CH26T	-8,21339168082531	16,046	3+4	NA	NA	NA	NA								Fusion									Missense_Mutation			
CH27T	8,31616330953859	19,3334	4+5	NA	NA	NA	NA							HETLOSS		LOW_GAIN				HETLOSS				HETLOSS;Frame_Shift_Del	HETLOSS	Missense_Mutation	
CH28T	-19,9152435699699	10,9827	4+4	NA	NA	NA	NA	LOW_GAIN						HOMDEL							HIGH_AMP						
CH29T	6,12311556017701	18,1005	3+4	NA	NA	NA	NA							HETLOSS		LOW_GAIN				HETLOSS			LOW_GAIN	HETLOSS;Nonsense_Mutation	HETLOSS		
CH30T	0,805614778756232	14,2267	3+4	NA	NA	NA	NA						HETLOSS							HETLOSS					HETLOSS		
CH31T	-8,41887534111626	15,3768	4+3	NA	NA	NA	NA	HIGH_AMP		HETLOSS										HOMDEL	HIGH_AMP	LOW_GAIN			HETLOSS		HIGH_AMP
CH32T	-1,76727537933526	20,88	3+4	NA	NA	NA	NA							HOMDEL						HETLOSS			LOW_GAIN		HETLOSS	Missense_Mutation	
CH33T	18,4532690565414	24,6594	4+5	NA	NA	NA	NA							HOMDEL						HOMDEL					HOMDEL		
CH34T	9,62561856535934	23,4289	4+5	NA	NA	NA	NA							HETLOSS	Fusion									HOMDEL			
CH35T	4,3603152489189	24,3061	4+3	NA	NA	NA	NA																				
CH36T	14,4136231565706	27,7149	4+4	NA	NA	NA	NA						HETLOSS	HETLOSS				HETLOSS		HETLOSS	HIGH_AMP						
CH37T	-12,9049842314705	27,176	5+4	NA	NA	NA	NA																				
CH38T	-8,41551169571065	27,1277	3+4	NA	NA	NA	NA	HIGH_AMP													HIGH_AMP						Splice_Site
CH39T	7,00413328415748	16,5454	3+4	NA	NA	NA	NA																				
CH40T	-8,82813040483565	31,134	5+5	NA	NA	NA	NA	HIGH_AMP					HOMDEL	HOMDEL						HOMDEL	HIGH_AMP	HIGH_AMP		HOMDEL		Missense_Mutation	
CH41T	5,85727693103976	21,4269	3+4	NA	NA	NA	NA							Nonsense_Mutation													
CH42T	-5,22495238429637	18,4851	3+5	NA	NA	NA	NA	HIGH_AMP																			
CH43T	2,14390706746738	15,5519	4+3	NA	NA	NA	NA	LOW_GAIN						HOMDEL						HETLOSS	LOW_GAIN				HETLOSS		
CH44T	-10,8932970955644	13,367	3+4	NA	NA	NA	NA																				
CH45T	-3,20170741661516	27,0754	4+4	NA	NA	NA	NA														LOW_GAIN				HETLOSS		
CH46T	1,9830886583554	21,3224	4+5	NA	NA	NA	NA																				
CH47T	-6,86963464236764	9,183	3+3	NA	NA	NA	NA																			Missense_Mutation	
CH48T	13,9838202659859	20,8548	3+3	NA	NA	NA	NA			HETLOSS		HETLOSS		HOMDEL						HETLOSS					HETLOSS		
CH49T	17,7817216382206	37,1152	4+3	NA	NA	NA	NA	LOW_GAIN					HOMDEL	HOMDEL						HETLOSS	LOW_GAIN					Missense_Mutation	
CH50T	1,56961918648513	23,9531	5+4	NA	NA	NA	NA			HETLOSS				HETLOSS				HETLOSS		HOMDEL					HETLOSS		
CH51T	7,95984453750074	17,4246	3+4	NA	NA	NA	NA	HOMDEL																			
CH52T	7,37181000986334	14,8895	3+3	NA	NA	NA	NA	HIGH_AMP																			
CH53T	11,7128090702645	19,6106	4+4	NA	NA	NA	NA	HOMDEL												HOMDEL			HIGH_AMP				
CH54T	-0,662319838369062	37,8948	5+4	NA	NA	NA	NA	HIGH_AMP													HIGH_AMP						
CH55T	2,3569996679753	33,2951	3+3	NA	NA	NA	NA																				
CH56T	-9,38135049858725	16,2404	3+4	NA	NA	NA	NA																				
CH57T	6,64666337236758	20,1342	5+4	NA	NA	NA	NA	HOMDEL					HETLOSS								LOW_GAIN						
CH58T	28,9821055982114	30,2006	4+3	NA	NA	NA	NA					HETLOSS								HETLOSS					HETLOSS	Missense_Mutation	
CH59T	0,152058390417807	33,7496	3+4	NA	NA	NA	NA							HOMDEL												Missense_Mutation	
CH60T	2,38080647156721	31,2079	4+3	NA	NA	NA	NA			Nonsense_Mutation			HETLOSS	HOMDEL						HETLOSS	LOW_GAIN						
CH61T	-11,423442891663	15,8487	4+4	NA	NA	NA	NA																				
CH63T	-4,18626454546574	26,3529	3+4	NA	NA	NA	NA			HETLOSS									LOW_GAIN	HETLOSS					HETLOSS		
CH64T	-4,6106512261946	16,4467	3+4	NA	NA	NA	NA														LOW_GAIN				HETLOSS		
CH65T	-19,2321657079007	5,59956	4+3	NA	NA	NA	NA																				
CH66T	-15,3908588431797	13,3225	3+4	NA	NA	NA	NA	LOW_GAIN						HETLOSS			Fusion										HETLOSS
CH67T	-8,53746380339023	13,8126	4+5	NA	NA	NA	NA																			Missense_Mutation	
CH69T	0,253252416459673	36,5039	4+4	NA	NA	NA	NA							HOMDEL					HIGH_AMP					HETLOSS			
CH70T	2,38861595955811	19,5412	3+4	NA	NA	NA	NA																				
CH71T	-13,3194401220797	18,5813	4+3	NA	NA	NA	NA								Fusion												
CH72T	3,31650735935859	17,1687	5+5	NA	NA	NA	NA					HOMDEL						LOW_GAIN		HETLOSS	LOW_GAIN				HETLOSS		HETLOSS;In_Frame_Ins
CH73T	-0,72793415173045	16,1525	5+4	NA	NA	NA	NA																				HETLOSS
CH74T	-0,286542280971278	19,7534	4+3	NA	NA	NA	NA														Missense_Mutation						
CH75T	-4,03590235717314	40,5276	5+4	NA	NA	NA	NA	LOW_GAIN																			
CH76T	6,03092326628456	18,8678	5+4	NA	NA	NA	NA			Missense_Mutation			HETLOSS	HETLOSS		LOW_GAIN				HETLOSS			HETLOSS		HETLOSS	Missense_Mutation	
CH77T	3,35198533470899	17,5821	4+4	NA	NA	NA	NA							HOMDEL						HETLOSS	LOW_GAIN				HETLOSS		
CH78T	6,48637468387504	32,5099	4+4	NA	NA	NA	NA			HETLOSS			HETLOSS;Nonsense_Mutation	HOMDEL						HETLOSS	HIGH_AMP					Missense_Mutation	
CH79T	-4,21774590568331	17,112	4+3	NA	NA	NA	NA																				
